date,S1,S2,S3
2015/1/1,-13.31875,-10.984375,-10.984375
2015/1/2,-12.55125,-10.45166667,-10.45166667
2015/1/3,-12.40875,-10.08645833,-10.08645833
2015/1/4,-10.91645833,-9.240416667,-9.240416667
2015/1/5,-9.61625,-8.52,-8.52
2015/1/6,-9.336041667,-8.425625,-8.425625
2015/1/7,-9.839166667,-9.118541667,-9.118541667
2015/1/8,-10.399375,-9.864375,-9.864375
2015/1/9,-10.82729167,-10.34291667,-10.34291667
2015/1/10,-11.1225,-10.63520833,-10.63520833
2015/1/11,-11.263125,-10.731875,-10.731875
2015/1/12,-11.3075,-10.77020833,-10.77020833
2015/1/13,-11.13729167,-10.6725,-10.6725
2015/1/14,-11.031875,-10.585625,-10.585625
2015/1/15,-11.0325,-10.57229167,-10.57229167
2015/1/16,-11.40416667,-10.921875,-10.921875
2015/1/17,-10.84395833,-10.60791667,-10.60791667
2015/1/18,-11.465625,-11.32,-11.32
2015/1/19,-12.01333333,-12.09958333,-12.09958333
2015/1/20,-11.82875,-12.01916667,-12.01916667
2015/1/21,-11.875625,-11.95416667,-11.95416667
2015/1/22,-11.70958333,-11.66395833,-11.66395833
2015/1/23,-11.28729167,-11.14979167,-11.14979167
2015/1/24,-10.77208333,-10.616875,-10.616875
2015/1/25,-10.665625,-10.27770833,-10.27770833
2015/1/26,-10.63916667,-10.341875,-10.341875
2015/1/27,-10.10916667,-9.864583333,-9.864583333
2015/1/28,-9.6325,-9.467083333,-9.467083333
2015/1/29,-9.710625,-9.775625,-9.775625
2015/1/30,-10.46395833,-10.67541667,-10.67541667
2015/1/31,-10.59541667,-10.85333333,-10.85333333
2015/2/1,-10.72291667,-8.069816446,-8.069816446
2015/2/2,-10.65875,-8.000686322,-8.000686322
2015/2/3,-10.52833333,-7.378515206,-7.378515206
2015/2/4,-10.59270833,-9.314158678,-9.314158678
2015/2/5,-10.8025,-9.383288802,-9.383288802
2015/2/6,-10.13854167,-6.479823594,-6.479823594
2015/2/7,-10.52895833,-11.31893227,-11.31893227
2015/2/8,-11.036875,-11.18067203,-11.18067203
2015/2/9,-11.1575,-9.728939422,-9.728939422
2015/2/10,-10.79979167,-7.240254958,-7.240254958
2015/2/11,-10.67541667,-7.585905578,-7.585905578
2015/2/12,-10.36645833,-6.618083842,-6.618083842
2015/2/13,-10.39375,-7.378515206,-7.378515206
2015/2/14,-10.35895833,-7.240254958,-7.240254958
2015/2/15,-10.35,-7.171124834,-7.171124834
2015/2/16,-10.76708333,-7.931556198,-7.931556198
2015/2/17,-10.36958333,-4.958960866,-4.958960866
2015/2/18,-9.768333333,-2.470276402,-2.470276402
2015/2/19,-9.270833333,-3.714618634,-3.714618634
2015/2/20,-9.02375,-4.129399378,-4.129399378
2015/2/21,-9.915625,-6.272433222,-6.272433222
2015/2/22,-10.180625,-6.548953718,-6.548953718
2015/2/23,-9.691458333,-4.751570494,-4.751570494
2015/2/24,-8.623541667,-2.193755906,-2.193755906
2015/2/25,-9.399791667,-5.581131982,-5.581131982
2015/2/26,-9.6675,-5.166351238,-5.166351238
2015/2/27,-8.608125,-2.401146278,-2.401146278
2015/2/28,-8.533333333,-8.83024781,-8.83024781
2015/3/1,-8.969583333,-7.309385082,-7.309385082
2015/3/2,-8.819166667,-5.581131982,-5.581131982
2015/3/3,-8.695416667,-5.71939223,-5.71939223
2015/3/4,-6.6566875,-3.161577642,-3.161577642
2015/3/5,-6.970479167,-4.33678975,-4.33678975
2015/3/6,-7.108875,-4.267659626,-4.267659626
2015/3/7,-7.765875,-4.267659626,-4.267659626
2015/3/8,-8.101791667,-4.405919874,-4.405919874
2015/3/9,-8.101979167,-3.714618634,-3.714618634
2015/3/10,-6.140208333,-2.746796898,-2.746796898
2015/3/11,-6.138125,-2.193755906,-2.193755906
2015/3/12,-6.016145833,-1.295064294,-1.295064294
2015/3/13,-5.947916667,-1.018543798,-1.018543798
2015/3/14,-7.191583333,-2.332016154,-2.332016154
2015/3/15,-6.099833333,-0.88028355,-0.88028355
2015/3/16,-4.744291667,0.433188806,0.433188806
2015/3/17,-3.465729167,0.571449054,0.571449054
2015/3/18,-3.453229167,-1.91723541,-1.91723541
2015/3/19,-3.323208333,-1.156804046,-1.156804046
2015/3/20,-3.655791667,-2.055495658,-2.055495658
2015/3/21,-3.697416667,-1.848105286,-1.848105286
2015/3/22,-3.2200625,-2.193755906,-2.193755906
2015/3/23,-2.810979167,-3.438098138,-3.438098138
2015/3/24,-4.3363125,-3.29983789,-3.29983789
2015/3/25,-2.689958333,1.954051534,1.954051534
2015/3/26,-1.044583333,1.746661162,1.746661162
2015/3/27,-0.9795,0.917099674,0.917099674
2015/3/28,-0.808416667,2.852743146,2.852743146
2015/3/29,-0.436645833,3.61317451,3.61317451
2015/3/30,-0.245583333,3.95882513,3.95882513
2015/3/31,-0.1154375,4.926646866,4.926646866
2015/4/1,0.061145833,5.68707823,5.68707823
2015/4/2,0.482833333,4.719256494,4.719256494
2015/4/3,0.2203125,2.57622265,2.57622265
2015/4/4,0.104166667,0.917099674,0.917099674
2015/4/5,0.043666667,-0.258112434,-0.258112434
2015/4/6,-0.1344375,0.294928558,0.294928558
2015/4/7,-0.1964375,-1.087673922,-1.087673922
2015/4/8,-0.368416667,-0.7591875,-0.7591875
2015/4/9,-1.200645833,-0.8829375,-0.8829375
2015/4/10,-1.1364375,-0.969104167,-0.969104167
2015/4/11,-1.321875,-0.970270833,-0.970270833
2015/4/12,-1.158770833,-0.981958333,-0.981958333
2015/4/13,-0.419666667,-0.878791667,-0.878791667
2015/4/14,0.443604167,-0.724458333,-0.724458333
2015/4/15,1.518666667,-0.588541667,-0.588541667
2015/4/16,2.45825,-0.494,-0.494
2015/4/17,2.180625,-0.402958333,-0.402958333
2015/4/18,0.6644375,-0.333145833,-0.333145833
2015/4/19,1.319125,-0.2955,-0.2955
2015/4/20,0.957583333,-0.263291667,-0.263291667
2015/4/21,0.926458333,-0.239083333,-0.239083333
2015/4/22,1.858354167,-0.220229167,-0.220229167
2015/4/23,1.778833333,-0.186854167,-0.186854167
2015/4/24,2.296375,-0.155770833,-0.155770833
2015/4/25,2.564458333,-0.1279375,-0.1279375
2015/4/26,2.760541667,-0.104541667,-0.104541667
2015/4/27,4.3845,0.059520833,0.059520833
2015/4/28,6.279083333,0.571458333,0.571458333
2015/4/29,5.922104167,0.975979167,0.975979167
2015/4/30,4.701583333,0.909083333,0.909083333
2015/5/1,4.591416667,0.917541667,0.917541667
2015/5/2,3.459145833,1.234520833,1.234520833
2015/5/3,2.570208333,0.51175,0.51175
2015/5/4,2.873583333,0.6579375,0.6579375
2015/5/5,3.176770833,1.1480625,1.1480625
2015/5/6,2.5915625,0.8168125,0.8168125
2015/5/7,3.376520833,0.858270833,0.858270833
2015/5/8,3.634833333,1.4500625,1.4500625
2015/5/9,3.156854167,1.056416667,1.056416667
2015/5/10,3.533916667,1.2495,1.2495
2015/5/11,3.376770833,1.038916667,1.038916667
2015/5/12,5.500270833,1.668208333,1.668208333
2015/5/13,7.042208333,2.742520833,2.742520833
2015/5/14,7.783979167,3.068166667,3.068166667
2015/5/15,7.606833333,3.2841875,3.2841875
2015/5/16,7.583854167,3.061666667,3.061666667
2015/5/17,8.195395833,3.482625,3.482625
2015/5/18,8.5459375,3.771666667,3.771666667
2015/5/19,9.104604167,4.2203125,4.2203125
2015/5/20,5.819958333,3.838875,3.838875
2015/5/21,5.722979167,2.277145833,2.277145833
2015/5/22,7.8346875,2.832916667,2.832916667
2015/5/23,8.0723125,3.6965625,3.6965625
2015/5/24,8.195458333,4.451041667,4.451041667
2015/5/25,8.623604167,4.7303125,4.7303125
2015/5/26,8.479020833,5.074291667,5.074291667
2015/5/27,4.996104167,4.511866122,4.511866122
2015/5/28,2.404479167,4.719256494,4.719256494
2015/5/29,3.101083333,5.410557734,5.410557734
2015/5/30,5.302458333,6.240119222,6.240119222
2015/5/31,6.328854167,6.447509594,6.447509594
2015/6/1,6.5298125,6.309249346,6.309249346
2015/6/2,5.955229167,5.479687858,5.479687858
2015/6/3,4.4296875,4.580996246,4.580996246
2015/6/4,4.3790625,5.548817982,5.548817982
2015/6/5,5.187041667,5.894468602,5.894468602
2015/6/6,6.106041667,6.447509594,6.447509594
2015/6/7,6.5593125,7.277071082,7.277071082
2015/6/8,7.109083333,7.138810834,7.138810834
2015/6/9,7.366104167,7.553591578,7.553591578
2015/6/10,6.931041667,7.484461454,7.484461454
2015/6/11,7.977291667,6.862290338,6.862290338
2015/6/12,8.596270833,7.207940958,7.207940958
2015/6/13,6.767583333,5.410557734,5.410557734
2015/6/14,6.848395833,8.314022942,8.314022942
2015/6/15,8.536770833,8.037502446,8.037502446
2015/6/16,7.9738125,6.654899966,6.654899966
2015/6/17,6.837916667,7.553591578,7.553591578
2015/6/18,6.864583333,7.968372322,7.968372322
2015/6/19,6.034020833,5.134037238,5.134037238
2015/6/20,5.822354167,5.825338478,5.825338478
2015/6/21,7.249208333,6.585769842,6.585769842
2015/6/22,7.191520833,7.76098195,7.76098195
2015/6/23,7.2179375,8.383153066,8.383153066
2015/6/24,7.569833333,7.000550586,7.000550586
2015/6/25,8.692854167,8.521413314,8.521413314
2015/6/26,10.66747917,11.14835803,11.14835803
2015/6/27,10.07875,10.80270741,10.80270741
2015/6/28,9.214166667,10.59531703,10.59531703
2015/6/29,8.702875,8.867063934,8.867063934
2015/6/30,9.958125,10.73357728,10.73357728
2015/7/1,9.787708333,9.48923505,9.48923505
2015/7/2,8.26725,7.484461454,7.484461454
2015/7/3,8.5239375,8.590543438,8.590543438
2015/7/4,7.327458333,7.76098195,7.76098195
2015/7/5,8.044916667,8.79793381,8.79793381
2015/7/6,9.689166667,8.936194058,8.936194058
2015/7/7,8.351541667,7.553591578,7.553591578
2015/7/8,6.6803125,6.240119222,6.240119222
2015/7/9,8.01025,7.76098195,7.76098195
2015/7/10,10.7845,10.18053629,10.18053629
2015/7/11,11.83798693,11.0792279,11.0792279
2015/7/12,11.43327201,10.73357728,10.73357728
2015/7/13,9.247811444,8.867063934,8.867063934
2015/7/14,8.033666684,7.830112074,7.830112074
2015/7/15,6.010092084,6.101858974,6.101858974
2015/7/16,6.576692972,6.585769842,6.585769842
2015/7/17,5.362548212,5.548817982,5.548817982
2015/7/18,5.767263132,5.894468602,5.894468602
2015/7/19,8.033666684,7.830112074,7.830112074
2015/7/20,7.54800878,7.41533133,7.41533133
2015/7/21,9.57158338,9.14358443,9.14358443
2015/7/22,8.35743862,8.10663257,8.10663257
2015/7/23,9.004982492,8.659673562,8.659673562
2015/7/24,9.085925476,8.728803686,8.728803686
2015/7/25,10.4619562,9.904015794,9.904015794
2015/7/26,11.67610096,10.94096765,10.94096765
2015/7/27,11.83798693,11.0792279,11.0792279
2015/7/28,11.19044306,10.52618691,10.52618691
2015/7/29,13.37590363,12.39270026,12.39270026
2015/7/30,13.58020833,12.66922075,12.66922075
2015/7/31,12.69895833,11.70139902,11.70139902
2015/8/1,13.02604167,10.87183753,10.87183753
2015/8/2,11.86083333,9.627495298,9.627495298
2015/8/3,11.46541667,10.24966641,10.24966641
2015/8/4,11.10941667,9.005324182,9.005324182
2015/8/5,11.65583333,9.696625422,9.696625422
2015/8/6,11.0585625,8.867063934,8.867063934
2015/8/7,10.86520833,9.005324182,9.005324182
2015/8/8,10.93229167,9.420104926,9.420104926
2015/8/9,11.208375,9.48923505,9.48923505
2015/8/10,11.0816875,9.005324182,9.005324182
2015/8/11,12.92895833,10.45705679,10.45705679
2015/8/12,12.948125,11.44041667,11.44041667
2015/8/13,12.21791667,10.6725,10.6725
2015/8/14,12.13352083,10.48770833,10.48770833
2015/8/15,12.06375,10.95895833,10.95895833
2015/8/16,11.749375,10.68166667,10.68166667
2015/8/17,10.97425,10.05958333,10.05958333
2015/8/18,10.98485417,9.806041667,9.806041667
2015/8/19,10.3980625,9.69625,9.69625
2015/8/20,9.632833333,9.1575,9.1575
2015/8/21,9.5618125,8.805479167,8.805479167
2015/8/22,10.09197917,9.004791667,9.004791667
2015/8/23,10.42458333,8.9624375,8.9624375
2015/8/24,10.57960417,9.398958333,9.398958333
2015/8/25,10.422375,8.7108125,8.7108125
2015/8/26,10.4081875,9.125416667,9.125416667
2015/8/27,9.272875,8.723958333,8.723958333
2015/8/28,9.81125,8.137395833,8.137395833
2015/8/29,10.13583333,8.748416667,8.748416667
2015/8/30,8.615354167,8.122916667,8.122916667
2015/8/31,9.32525,8.264833333,8.264833333
2015/9/1,9.693770833,8.537083333,8.537083333
2015/9/2,9.1109375,8.415,8.415
2015/9/3,9.247833333,7.994395833,7.994395833
2015/9/4,8.915583333,7.774145833,7.774145833
2015/9/5,9.794270833,8.15625,8.15625
2015/9/6,9.733229167,8.920208333,8.920208333
2015/9/7,8.579333333,8.4571875,8.4571875
2015/9/8,7.543895833,7.4706875,7.4706875
2015/9/9,7.576708333,7.1295,7.1295
2015/9/10,7.697770833,6.957833333,6.957833333
2015/9/11,7.263625,6.918416667,6.918416667
2015/9/12,6.360583333,6.320375,6.320375
2015/9/13,6.24275,6.072,6.072
2015/9/14,7.3704375,6.60175,6.60175
2015/9/15,7.3675625,7.023875,7.023875
2015/9/16,7.4311875,7.079333333,7.079333333
2015/9/17,6.831708333,6.440625,6.440625
2015/9/18,7.681979167,6.6691875,6.6691875
2015/9/19,7.538979167,6.774770833,6.774770833
2015/9/20,7.797104167,6.882479167,6.882479167
2015/9/21,6.06875,6.769604167,6.769604167
2015/9/22,5.353166667,5.351479167,5.351479167
2015/9/23,5.276354167,5.561916667,5.561916667
2015/9/24,5.0999375,5.100104167,5.100104167
2015/9/25,4.872145833,4.973458333,4.973458333
2015/9/26,5.546166667,4.975333333,4.975333333
2015/9/27,5.503395833,5.260395833,5.260395833
2015/9/28,5.1503125,5.07975,5.07975
2015/9/29,5.857125,4.948354167,4.948354167
2015/9/30,5.947520833,5.618708333,5.618708333
2015/10/1,4.3735,4.691541667,4.691541667
2015/10/2,4.844645833,4.5495625,4.5495625
2015/10/3,4.7471875,4.586333333,4.586333333
2015/10/4,4.078541667,4.2089375,4.2089375
2015/10/5,3.7888125,3.909979167,3.909979167
2015/10/6,5.033833333,4.107895833,4.107895833
2015/10/7,4.7009375,4.536833333,4.536833333
2015/10/8,3.886104167,3.965895833,3.965895833
2015/10/9,3.399270833,3.592395833,3.592395833
2015/10/10,3.234104167,3.280520833,3.280520833
2015/10/11,3.339145833,3.302208333,3.302208333
2015/10/12,3.384583333,3.295125,3.295125
2015/10/13,2.011270833,2.779875,2.779875
2015/10/14,2.1276875,2.279708333,2.279708333
2015/10/15,2.8548125,2.475416667,2.475416667
2015/10/16,2.7344375,2.790333333,2.790333333
2015/10/17,2.842854167,2.589,2.589
2015/10/18,3.085083333,2.8485,2.8485
2015/10/19,3.5064375,3.040291667,3.040291667
2015/10/20,3.2935625,3.115354167,3.115354167
2015/10/21,4.003604167,3.23575,3.23575
2015/10/22,2.610486756,3.748541667,3.748541667
2015/10/23,2.367657804,3.342729167,3.342729167
2015/10/24,2.28671482,2.926875,2.926875
2015/10/25,0.991627076,2.60325,2.60325
2015/10/26,-2.246092284,1.940895833,1.940895833
2015/10/27,-1.841377364,1.284020833,1.284020833
2015/10/28,-0.870061556,0.908645833,0.908645833
2015/10/29,-1.598548412,0.729729167,0.729729167
2015/10/30,-2.650807204,0.624333333,0.624333333
2015/10/31,-9.126245924,0.482625,0.482625
2015/11/1,-4.431552852,0.259333333,0.259333333
2015/11/2,-1.274776476,0.12125,0.12125
2015/11/3,0.505969172,0.0574375,0.0574375
2015/11/4,-0.54628962,0.036541667,0.036541667
2015/11/5,-0.627232604,0.026854167,0.026854167
2015/11/6,0.991627076,0.016354167,0.016354167
2015/11/7,-1.193833492,0.008645833,0.008645833
2015/11/8,-3.78400898,-0.0109375,-0.0109375
2015/11/9,-3.37929406,-0.0844375,-0.0844375
2015/11/10,-3.298351076,-0.1454375,-0.1454375
2015/11/11,-3.703065996,-0.209708333,-0.209708333
2015/11/12,-3.945894948,-0.3244375,-0.3244375
2015/11/13,-2.97457914,-0.4575,-0.4575
2015/11/14,-1.922320348,-0.520333333,-0.520333333
2015/11/15,-3.055522124,-0.537354167,-0.537354167
2015/11/16,-4.512495836,-0.776770833,-0.776770833
2015/11/17,-0.54628962,-0.825416667,-0.825416667
2015/11/18,-0.060631716,-0.877020833,-0.877020833
2015/11/19,1.153513044,-0.917791667,-0.917791667
2015/11/20,-0.54628962,-0.934583333,-0.934583333
2015/11/21,-2.084206316,-0.9271875,-0.9271875
2015/11/22,-1.841377364,-0.931791667,-0.931791667
2015/11/23,-3.703065996,-1.072625,-1.072625
2015/11/24,-5.240982692,-1.286208333,-1.286208333
2015/11/25,-3.864951964,-1.796166667,-1.796166667
2015/11/26,-7.102671324,-2.170416667,-2.170416667
2015/11/27,-7.42644326,-2.505020833,-2.505020833
2015/11/28,-6.940785356,-2.78625,-2.78625
2015/11/29,-6.697956404,-2.9914375,-2.9914375
2015/11/30,-5.160039708,-3.033354167,-3.033354167
2015/12/1,-5.321925676,-3.0351875,-3.0351875
2015/12/2,-7.912101164,-3.685333333,-3.685333333
2015/12/3,-7.8129375,-4.075479167,-4.075479167
2015/12/4,-7.808104167,-4.240708333,-4.240708333
2015/12/5,-7.713,-4.255625,-4.255625
2015/12/6,-7.272479167,-4.234770833,-4.234770833
2015/12/7,-7.269270833,-4.309854167,-4.309854167
2015/12/8,-6.686479167,-4.0253125,-4.0253125
2015/12/9,-6.898854167,-4.196395833,-4.196395833
2015/12/10,-7.578104167,-4.664208333,-4.664208333
2015/12/11,-7.661625,-4.822583333,-4.822583333
2015/12/12,-6.738416667,-4.438604167,-4.438604167
2015/12/13,-7.708895833,-4.742,-4.742
2015/12/14,-10.62395833,-6.358541667,-6.358541667
2015/12/15,-12.36916667,-7.653333333,-7.653333333
2015/12/16,-13.27625,-8.480854167,-8.480854167
2015/12/17,-13.633125,-8.964166667,-8.964166667
2015/12/18,-13.90541667,-9.302083333,-9.302083333
2015/12/19,-14.33125,-9.690625,-9.690625
2015/12/20,-14.40125,-9.95625,-9.95625
2015/12/21,-13.81145833,-9.747708333,-9.747708333
2015/12/22,-12.935625,-9.385833333,-9.385833333
2015/12/23,-12.515625,-9.083333333,-9.083333333
2015/12/24,-13.45791667,-9.676458333,-9.676458333
2015/12/25,-13.57645833,-10.1,-10.1
2015/12/26,-13.744375,-10.30583333,-10.30583333
2015/12/27,-13.31208333,-10.274375,-10.274375
2015/12/28,-12.6525,-9.994166667,-9.994166667
2015/12/29,-12.6025,-9.967708333,-9.967708333
2015/12/30,-12.67291667,-10.034375,-10.034375
2015/12/31,-12.785625,-10.14458333,-10.14458333
2016/1/1,-12.51791667,-10.13166667,-10.13166667
2016/1/2,-11.30395833,-9.515833333,-9.515833333
2016/1/3,-10.61083333,-8.8825,-8.8825
2016/1/4,-10.90625,-9.040833333,-9.040833333
2016/1/5,-11.58875,-9.441041667,-9.441041667
2016/1/6,-11.76229167,-9.6525,-9.6525
2016/1/7,-11.84625,-9.715416667,-9.715416667
2016/1/8,-12.051875,-9.882083333,-9.882083333
2016/1/9,-11.923125,-9.868333333,-9.868333333
2016/1/10,-12.2275,-9.99875,-9.99875
2016/1/11,-12.17520833,-10.049375,-10.049375
2016/1/12,-13.24895833,-10.60729167,-10.60729167
2016/1/13,-14.3375,-11.3275,-11.3275
2016/1/14,-14.8175,-11.70458333,-11.70458333
2016/1/15,-14.33833333,-11.63479167,-11.63479167
2016/1/16,-14.059375,-11.458125,-11.458125
2016/1/17,-12.25354167,-10.70458333,-10.70458333
2016/1/18,-11.97541667,-10.37979167,-10.37979167
2016/1/19,-11.97854167,-10.21479167,-10.21479167
2016/1/20,-12.38645833,-10.49020833,-10.49020833
2016/1/21,-13.75333333,-11.27416667,-11.27416667
2016/1/22,-14.86979167,-12.04375,-12.04375
2016/1/23,-16.43375,-13.19916667,-13.19916667
2016/1/24,-16.71354167,-13.71479167,-13.71479167
2016/1/25,-16.48645833,-13.63854167,-13.63854167
2016/1/26,-16.36083333,-13.69270833,-13.69270833
2016/1/27,-14.869375,-12.9725,-12.9725
2016/1/28,-14.1275,-12.505,-12.505
2016/1/29,-13.23166667,-11.95916667,-11.95916667
2016/1/30,-12.66291667,-11.44395833,-11.44395833
2016/1/31,-11.66708333,-10.930625,-10.930625
2016/2/1,-10.66625,-10.04041667,-10.04041667
2016/2/2,-11.565625,-10.38541667,-10.38541667
2016/2/3,-11.5625,-10.27979167,-10.27979167
2016/2/4,-11.92020833,-10.54125,-10.54125
2016/2/5,-12.31458333,-10.834375,-10.834375
2016/2/6,-11.54645833,-10.52541667,-10.52541667
2016/2/7,-10.8930625,-10.16791667,-10.16791667
2016/2/8,-10.45277083,-9.748125,-9.748125
2016/2/9,-9.7525625,-9.251833333,-9.251833333
2016/2/10,-9.166166667,-8.7621875,-8.7621875
2016/2/11,-8.714104167,-8.412791667,-8.412791667
2016/2/12,-7.692166667,-7.733125,-7.733125
2016/2/13,-8.676104167,-7.874645833,-7.874645833
2016/2/14,-11.74083333,-9.603541667,-9.603541667
2016/2/15,-12.82229167,-10.40291667,-10.40291667
2016/2/16,-12.973125,-10.45416667,-10.45416667
2016/2/17,-12.370625,-9.965625,-9.965625
2016/2/18,-11.90604167,-9.925625,-9.925625
2016/2/19,-12.31354167,-10.27875,-10.27875
2016/2/20,-12.14833333,-10.6225,-10.6225
2016/2/21,-9.697958333,-9.273125,-9.273125
2016/2/22,-9.863479167,-9.115,-9.115
2016/2/23,-9.924375,-9.123958333,-9.123958333
2016/2/24,-9.955708333,-9.1845625,-9.1845625
2016/2/25,-9.328770833,-8.790333333,-8.790333333
2016/2/26,-8.58925,-8.3573125,-8.3573125
2016/2/27,-7.492208333,-7.598229167,-7.598229167
2016/2/28,-6.754895833,-7.0758125,-7.0758125
2016/2/29,-6.148541667,-6.564333333,-6.564333333
2016/3/1,-5.695770833,-6.066729167,-6.066729167
2016/3/2,-6.359666667,-6.3743125,-6.3743125
2016/3/3,-5.8595,-5.959416667,-5.959416667
2016/3/4,-5.10825,-5.437,-5.437
2016/3/5,-5.329541667,-5.566479167,-5.566479167
2016/3/6,-5.2643125,-5.507854167,-5.507854167
2016/3/7,-5.177458333,-5.367104167,-5.367104167
2016/3/8,-5.165708333,-5.2793125,-5.2793125
2016/3/9,-5.0398125,-5.133104167,-5.133104167
2016/3/10,-6.448208333,-5.9235,-5.9235
2016/3/11,-5.781270833,-5.755333333,-5.755333333
2016/3/12,-4.4830625,-4.966770833,-4.966770833
2016/3/13,-4.9133125,-5.06225,-5.06225
2016/3/14,-3.796229167,-4.367833333,-4.367833333
2016/3/15,-3.718125,-4.171333333,-4.171333333
2016/3/16,-1.6568125,-2.953229167,-2.953229167
2016/3/17,-1.923,-2.803958333,-2.803958333
2016/3/18,-2.4021875,-3.0101875,-3.0101875
2016/3/19,-1.422645833,-2.509020833,-2.509020833
2016/3/20,-0.78375,-1.976416667,-1.976416667
2016/3/21,-0.727375,-1.829333333,-1.829333333
2016/3/22,-0.879875,-1.826625,-1.826625
2016/3/23,-1.774604167,-2.320458333,-2.320458333
2016/3/24,-2.150833333,-2.592520833,-2.592520833
2016/3/25,-1.811395833,-1.433324542,-1.433324542
2016/3/26,-1.669958333,-0.53463293,-0.53463293
2016/3/27,-0.746895833,1.88492141,1.88492141
2016/3/28,-0.31375,1.055359922,1.055359922
2016/3/29,-0.277645833,0.640579178,0.640579178
2016/3/30,-0.131729167,1.331880418,1.331880418
2016/3/31,-0.084229167,2.783613022,2.783613022
2016/4/1,0.006625,2.507092526,2.507092526
2016/4/2,0.093229167,5.272297486,5.272297486
2016/4/3,0.409854167,3.336654014,3.336654014
2016/4/4,0.842395833,3.336654014,3.336654014
2016/4/5,1.258666667,3.060133518,3.060133518
2016/4/6,1.5125,2.092311782,2.092311782
2016/4/7,1.252708333,1.677531038,1.677531038
2016/4/8,1.4195,2.23057203,2.23057203
2016/4/9,2.1244375,2.92187327,2.92187327
2016/4/10,3.240270833,4.926646866,4.926646866
2016/4/11,3.828229167,4.30447575,4.30447575
2016/4/12,3.402354167,2.092311782,2.092311782
2016/4/13,3.227458333,2.23057203,2.23057203
2016/4/14,2.642770833,1.88492141,1.88492141
2016/4/15,2.175104167,0.986229798,0.986229798
2016/4/16,0.8285,-1.57158479,-1.57158479
2016/4/17,0.0450625,-2.539406526,-2.539406526
2016/4/18,0.512208333,1.954051534,1.954051534
2016/4/19,2.043333333,2.92187327,2.92187327
2016/4/20,2.618708333,2.23057203,2.23057203
2016/4/21,3.032083333,2.507092526,2.507092526
2016/4/22,1.894854167,1.470140666,1.470140666
2016/4/23,2.2794375,1.331880418,1.331880418
2016/4/24,3.424104167,3.26752389,3.26752389
2016/4/25,2.630666667,2.645352774,2.645352774
2016/4/26,2.1545625,1.470140666,1.470140666
2016/4/27,3.237708333,2.852743146,2.852743146
2016/4/28,4.262083333,3.95882513,3.95882513
2016/4/29,5.143854167,4.166215502,4.166215502
2016/4/30,5.999458333,6.170989098,6.170989098
2016/5/1,4.675833333,4.511866122,4.511866122
2016/5/2,3.346395833,1.124490046,1.124490046
2016/5/3,5.174291667,7.06968071,7.06968071
2016/5/4,6.712979167,6.654899966,6.654899966
2016/5/5,6.970020833,5.894468602,5.894468602
2016/5/6,6.4209375,5.479687858,5.479687858
2016/5/7,6.351208333,6.240119222,6.240119222
2016/5/8,6.243333333,5.272297486,5.272297486
2016/5/9,6.0509375,5.825338478,5.825338478
2016/5/10,7.5255625,7.346201206,7.346201206
2016/5/11,8.194770833,6.516639718,6.516639718
2016/5/12,8.123770833,5.894468602,5.894468602
2016/5/13,7.252958333,4.719256494,4.719256494
2016/5/14,6.080041667,3.129263642,3.129263642
2016/5/15,5.6590625,2.991003394,2.991003394
2016/5/16,6.7466875,4.788386618,4.788386618
2016/5/17,7.996479167,6.37837947,6.37837947
2016/5/18,6.484770833,4.442735998,4.442735998
2016/5/19,6.415916667,6.585769842,6.585769842
2016/5/20,5.982916667,4.580996246,4.580996246
2016/5/21,3.483395833,3.129263642,3.129263642
2016/5/22,2.015166667,2.023181658,2.023181658
2016/5/23,3.617125,2.852743146,2.852743146
2016/5/24,4.959208333,4.30447575,4.30447575
2016/5/25,4.670958333,3.060133518,3.060133518
2016/5/26,4.7616875,5.479687858,5.479687858
2016/5/27,6.484458333,7.41533133,7.41533133
2016/5/28,8.1793125,8.10663257,8.10663257
2016/5/29,8.631145833,8.383153066,8.383153066
2016/5/30,7.109541667,5.756208354,5.756208354
2016/5/31,5.505729167,6.447509594,6.447509594
2016/6/1,5.7041875,6.793160214,6.793160214
2016/6/2,4.793145833,5.68707823,5.68707823
2016/6/3,5.004020833,5.963598726,5.963598726
2016/6/4,6.545875,7.553591578,7.553591578
2016/6/5,8.06725,7.346201206,7.346201206
2016/6/6,7.240520833,7.830112074,7.830112074
2016/6/7,7.141333333,7.138810834,7.138810834
2016/6/8,7.886125,7.691851826,7.691851826
2016/6/9,7.750375,8.175762694,8.175762694
2016/6/10,7.564416667,7.277071082,7.277071082
2016/6/11,7.450645833,7.76098195,7.76098195
2016/6/12,7.906645833,7.138810834,7.138810834
2016/6/13,8.2804375,8.45228319,8.45228319
2016/6/14,8.311145833,7.277071082,7.277071082
2016/6/15,8.759375,7.207940958,7.207940958
2016/6/16,10.4146875,9.212714554,9.212714554
2016/6/17,11.59270833,11.3557484,11.3557484
2016/6/18,11.24520833,9.48923505,9.48923505
2016/6/19,10.200125,9.212714554,9.212714554
2016/6/20,10.69679167,9.420104926,9.420104926
2016/6/21,10.78897917,9.281844678,9.281844678
2016/6/22,10.79535417,8.936194058,8.936194058
2016/6/23,10.866875,8.867063934,8.867063934
2016/6/24,10.17020833,9.696625422,9.696625422
2016/6/25,9.206666667,8.590543438,8.590543438
2016/6/26,9.665354167,8.521413314,8.521413314
2016/6/27,9.894604167,8.45228319,8.45228319
2016/6/28,11.0005,8.867063934,8.867063934
2016/6/29,10.95270833,9.350974802,9.350974802
2016/6/30,10.77570833,9.074454306,9.074454306
2016/7/1,11.44114583,9.765755546,9.765755546
2016/7/2,12.11604167,9.14358443,9.14358443
2016/7/3,12.96333333,11.42487852,11.42487852
2016/7/4,13.47541667,11.3557484,11.3557484
2016/7/5,13.01875,11.56313877,11.56313877
2016/7/6,12.49416667,11.70139902,11.70139902
2016/7/7,13.22270833,12.18530989,12.18530989
2016/7/8,12.62729167,11.01009778,11.01009778
2016/7/9,12.268125,11.14835803,11.14835803
2016/7/10,12.14333333,10.04227604,10.04227604
2016/7/11,11.46479167,9.558365174,9.558365174
2016/7/12,11.77625,9.696625422,9.696625422
2016/7/13,10.96541667,9.212714554,9.212714554
2016/7/14,10.5694375,9.627495298,9.627495298
2016/7/15,10.8325625,9.48923505,9.48923505
2016/7/16,12.0783125,10.04227604,10.04227604
2016/7/17,12.285,9.696625422,9.696625422
2016/7/18,11.26416667,9.904015794,9.904015794
2016/7/19,12.194375,10.66444716,10.66444716
2016/7/20,11.8675,11.28661827,11.28661827
2016/7/21,11.833125,10.11140617,10.11140617
2016/7/22,12.92645833,11.0792279,11.0792279
2016/7/23,11.385,9.350974802,9.350974802
2016/7/24,9.961944444,10.59531703,10.59531703
2016/7/25,11.10950008,10.45705679,10.45705679
2016/7/26,10.38101322,9.83488567,9.83488567
2016/7/27,11.02855709,10.38792666,10.38792666
2016/7/28,11.35232903,10.66444716,10.66444716
2016/7/29,11.75704395,11.01009778,11.01009778
2016/7/30,12.89024572,11.97791951,11.97791951
2016/7/31,13.05213169,12.11617976,12.11617976
2016/8/1,13.37590363,12.39270026,12.39270026
2016/8/2,10.86667112,10.24966641,10.24966641
2016/8/3,10.30007024,9.765755546,9.765755546
2016/8/4,10.4619562,9.904015794,9.904015794
2016/8/5,12.08081588,11.28661827,11.28661827
2016/8/6,12.97118871,12.04704964,12.04704964
2016/8/7,12.80930274,11.90878939,11.90878939
2016/8/8,13.94250452,12.87661113,12.87661113
2016/8/9,13.45684661,12.46183038,12.46183038
2016/8/10,10.78572814,10.18053629,10.18053629
2016/8/11,9.57158338,9.14358443,9.14358443
2016/8/12,11.02855709,10.38792666,10.38792666
2016/8/13,11.514215,10.80270741,10.80270741
2016/8/14,10.94761411,10.31879654,10.31879654
2016/8/15,11.27138604,10.59531703,10.59531703
2016/8/16,13.5377896,12.53096051,12.53096051
2016/8/17,12.97118871,12.04704964,12.04704964
2016/8/18,11.91892992,11.14835803,11.14835803
2016/8/19,10.54289919,9.973145918,9.973145918
2016/8/20,12.64741677,11.77052914,11.77052914
2016/8/21,12.72835976,11.83965927,11.83965927
2016/8/22,13.29496064,12.32357013,12.32357013
2016/8/23,13.5377896,12.53096051,12.53096051
2016/8/24,11.19044306,10.52618691,10.52618691
2016/8/25,10.94761411,10.31879654,10.31879654
2016/8/26,12.08081588,11.28661827,11.28661827
2016/8/27,11.59515798,10.87183753,10.87183753
2016/8/28,11.83798693,11.0792279,11.0792279
2016/8/29,9.328754428,8.936194058,8.936194058
2016/8/30,8.438381604,8.175762694,8.175762694
2016/8/31,10.05724128,9.558365174,9.558365174
2016/9/1,8.35743862,8.10663257,8.10663257
2016/9/2,8.114609668,7.899242198,7.899242198
2016/9/3,7.628951764,7.484461454,7.484461454
2016/9/4,7.871780716,7.691851826,7.691851826
2016/9/5,6.091035068,6.170989098,6.170989098
2016/9/6,5.443491196,5.617948106,5.617948106
2016/9/7,6.576692972,6.585769842,6.585769842
2016/9/8,3.824631516,4.235345626,4.235345626
2016/9/9,5.52443418,5.68707823,5.68707823
2016/9/10,5.362548212,5.548817982,5.548817982
2016/9/11,4.634061356,4.926646866,4.926646866
2016/9/12,6.171978052,6.240119222,6.240119222
2016/9/13,6.252921036,6.309249346,6.309249346
2016/9/14,7.224236844,7.138810834,7.138810834
2016/9/15,8.276495636,8.037502446,8.037502446
2016/9/16,6.010092084,6.101858974,6.101858974
2016/9/17,5.848206116,5.963598726,5.963598726
2016/9/18,5.605377164,5.756208354,5.756208354
2016/9/19,4.148403452,4.511866122,4.511866122
2016/9/20,4.391232404,4.719256494,4.719256494
2016/9/21,4.634061356,4.926646866,4.926646866
2016/9/22,5.281605228,5.479687858,5.479687858
2016/9/23,6.171978052,6.240119222,6.240119222
2016/9/24,4.472175388,4.788386618,4.788386618
2016/9/25,5.686320148,5.825338478,5.825338478
2016/9/26,3.9055745,4.30447575,4.30447575
2016/9/27,5.686320148,5.825338478,5.825338478
2016/9/28,4.148403452,4.511866122,4.511866122
2016/9/29,4.472175388,4.788386618,4.788386618
2016/9/30,3.9055745,4.30447575,4.30447575
2016/10/1,4.391232404,4.719256494,4.719256494
2016/10/2,4.957833292,5.203167362,5.203167362
2016/10/3,5.9291491,6.03272885,6.03272885
2016/10/4,4.71500434,4.99577699,4.99577699
2016/10/5,2.69142974,3.26752389,3.26752389
2016/10/6,2.772372724,3.336654014,3.336654014
2016/10/7,0.748798124,1.608400914,1.608400914
2016/10/8,0.66785514,1.53927079,1.53927079
2016/10/9,1.47728498,2.23057203,2.23057203
2016/10/10,1.234456028,2.023181658,2.023181658
2016/10/11,2.772372724,3.336654014,3.336654014
2016/10/12,2.772372724,3.336654014,3.336654014
2016/10/13,1.8819999,2.57622265,2.57622265
2016/10/14,2.69142974,3.26752389,3.26752389
2016/10/15,2.934258692,3.474914262,3.474914262
2016/10/16,2.69142974,3.26752389,3.26752389
2016/10/17,1.720113932,2.437962402,2.437962402
2016/10/18,3.177087644,3.682304634,3.682304634
2016/10/19,1.801056916,2.507092526,2.507092526
2016/10/20,0.748798124,1.608400914,1.608400914
2016/10/21,-0.627232604,0.433188806,0.433188806
2016/10/22,-0.303460668,0.709709302,0.709709302
2016/10/23,-2.407978252,-1.087673922,-1.087673922
2016/10/24,-0.303460668,0.709709302,0.709709302
2016/10/25,-1.76043438,-0.53463293,-0.53463293
2016/10/26,-1.436662444,-0.258112434,-0.258112434
2016/10/27,-1.193833492,-0.050722062,-0.050722062
2016/10/28,-4.269666884,-2.677666774,-2.677666774
2016/10/29,-3.37929406,-1.91723541,-1.91723541
2016/10/30,-2.650807204,-1.295064294,-1.295064294
2016/10/31,-3.055522124,-1.640714914,-1.640714914
2016/11/1,-3.622123012,-2.124625782,-2.124625782
2016/11/2,-3.78400898,-2.26288603,-2.26288603
2016/11/3,-3.37929406,-1.91723541,-1.91723541
2016/11/4,-3.541180028,-2.055495658,-2.055495658
2016/11/5,-3.136465108,-1.709845038,-1.709845038
2016/11/6,-2.1651493,-0.88028355,-0.88028355
2016/11/7,-10.42133367,-7.931556198,-7.931556198
2016/11/8,-10.2594477,-7.79329595,-7.79329595
2016/11/9,-7.102671324,-5.097221114,-5.097221114
2016/11/10,-5.079096724,-3.368968014,-3.368968014
2016/11/11,-6.61701342,-4.68244037,-4.68244037
2016/11/12,-5.969469548,-4.129399378,-4.129399378
2016/11/13,-4.59343882,-2.95418727,-2.95418727
2016/11/14,-5.160039708,-3.438098138,-3.438098138
2016/11/15,-5.564754628,-3.783748758,-3.783748758
2016/11/16,-6.374184468,-4.475049998,-4.475049998
2016/11/17,-4.269666884,-2.677666774,-2.677666774
2016/11/18,-1.76043438,-0.53463293,-0.53463293
2016/11/19,-2.246092284,-0.949413674,-0.949413674
2016/11/20,-0.627232604,0.433188806,0.433188806
2016/11/21,-4.350609868,-2.746796898,-2.746796898
2016/11/22,-6.536070436,-4.613310246,-4.613310246
2016/11/23,-7.102671324,-5.097221114,-5.097221114
2016/11/24,-7.993044148,-5.857652478,-5.857652478
2016/11/25,-7.912101164,-5.788522354,-5.788522354
2016/11/26,-9.611903828,-7.240254958,-7.240254958
2016/11/27,-9.85473278,-7.44764533,-7.44764533
2016/11/28,-8.478702052,-6.272433222,-6.272433222
2016/11/29,-11.63547843,-8.968508058,-8.968508058
2016/11/30,-12.44490827,-9.659809298,-9.659809298
2016/12/1,-12.52585125,-9.728939422,-9.728939422
2016/12/2,-9.04530294,-6.75634409,-6.75634409
2016/12/3,-8.721531004,-6.479823594,-6.479823594
2016/12/4,-7.507386244,-5.442871734,-5.442871734
2016/12/5,-5.726640596,-3.922009006,-3.922009006
2016/12/6,-7.264557292,-5.235481362,-5.235481362
2016/12/7,-6.536070436,-4.613310246,-4.613310246
2016/12/8,-4.836267772,-3.161577642,-3.161577642
2016/12/9,-5.564754628,-3.783748758,-3.783748758
2016/12/10,-6.940785356,-4.958960866,-4.958960866
2016/12/11,-6.374184468,-4.475049998,-4.475049998
2016/12/12,-5.321925676,-3.576358386,-3.576358386
2016/12/13,-7.588329228,-5.512001858,-5.512001858
2016/12/14,-9.93567576,-7.516775454,-7.516775454
2016/12/15,-9.93567576,-7.516775454,-7.516775454
2016/12/16,-10.7451056,-8.208076694,-8.208076694
2016/12/17,-10.01661875,-7.585905578,-7.585905578
2016/12/18,-9.773789796,-7.378515206,-7.378515206
2016/12/19,-8.478702052,-6.272433222,-6.272433222
2016/12/20,-8.964359956,-6.687213966,-6.687213966
2016/12/21,-7.750215196,-5.650262106,-5.650262106
2016/12/22,-9.93567576,-7.516775454,-7.516775454
2016/12/23,-10.7451056,-8.208076694,-8.208076694
2016/12/24,-8.802473988,-6.548953718,-6.548953718
2016/12/25,-8.964359956,-6.687213966,-6.687213966
2016/12/26,-11.95925036,-9.245028554,-9.245028554
2016/12/27,-14.54942585,-11.45719252,-11.45719252
2016/12/28,-12.52585125,-9.728939422,-9.728939422
2016/12/29,-12.36396528,-9.590679174,-9.590679174
2016/12/30,-12.36396528,-9.590679174,-9.590679174
2016/12/31,-8.721531004,-6.479823594,-6.479823594
2017/1/1,-9.45001786,-7.10199471,-7.10199471
2017/1/2,-11.23076351,-8.622857438,-8.622857438
2017/1/3,-9.45001786,-7.10199471,-7.10199471
2017/1/4,-9.692846812,-7.309385082,-7.309385082
2017/1/5,-9.04530294,-6.75634409,-6.75634409
2017/1/6,-10.01661875,-7.585905578,-7.585905578
2017/1/7,-8.154930116,-5.995912726,-5.995912726
2017/1/8,-10.90699157,-8.346336942,-8.346336942
2017/1/9,-10.90699157,-8.346336942,-8.346336942
2017/1/10,-12.44490827,-9.659809298,-9.659809298
2017/1/11,-14.3065969,-11.24980215,-11.24980215
2017/1/12,-16.00639956,-12.70153475,-12.70153475
2017/1/13,-14.14471093,-11.1115419,-11.1115419
2017/1/14,-13.49716706,-10.55850091,-10.55850091
2017/1/15,-12.20207932,-9.452418926,-9.452418926
2017/1/16,-14.54942585,-11.45719252,-11.45719252
2017/1/17,-14.7922548,-11.66458289,-11.66458289
2017/1/18,-13.49716706,-10.55850091,-10.55850091
2017/1/19,-13.33528109,-10.42024066,-10.42024066
2017/1/20,-13.01150916,-10.14372017,-10.14372017
2017/1/21,-12.60679424,-9.798069546,-9.798069546
2017/1/22,-12.20207932,-9.452418926,-9.452418926
2017/1/23,-11.87830738,-9.17589843,-9.17589843
2017/1/24,-10.2594477,-7.79329595,-7.79329595
2017/1/25,-8.073987132,-5.926782602,-5.926782602
2017/1/26,-7.264557292,-5.235481362,-5.235481362
2017/1/27,-4.431552852,-2.815927022,-2.815927022
2017/1/28,-6.050412532,-4.198529502,-4.198529502
2017/1/29,-10.17850472,-7.724165826,-7.724165826
2017/1/30,-10.58321964,-8.069816446,-8.069816446
2017/1/31,-10.58321964,-8.069816446,-8.069816446
2017/2/1,-12.2830223,-9.52154905,-9.52154905
2017/2/2,-10.98793456,-8.415467066,-8.415467066
2017/2/3,-8.559645036,-6.341563346,-6.341563346
2017/2/4,-6.536070436,-4.613310246,-4.613310246
2017/2/5,-4.99815374,-3.29983789,-3.29983789
2017/2/6,-3.864951964,-2.332016154,-2.332016154
2017/2/7,-8.64058802,-6.41069347,-6.41069347
2017/2/8,-7.83115818,-5.71939223,-5.71939223
2017/2/9,-10.09756173,-7.655035702,-7.655035702
2017/2/10,-10.17850472,-7.724165826,-7.724165826
2017/2/11,-10.58321964,-8.069816446,-8.069816446
2017/2/12,-9.611903828,-7.240254958,-7.240254958
2017/2/13,-5.888526564,-4.060269254,-4.060269254
2017/2/14,-7.183614308,-5.166351238,-5.166351238
2017/2/15,-5.888526564,-4.060269254,-4.060269254
2017/2/16,-4.917210756,-3.230707766,-3.230707766
2017/2/17,-4.836267772,-3.161577642,-3.161577642
2017/2/18,-3.217408092,-1.778975162,-1.778975162
2017/2/19,-0.870061556,0.225798434,0.225798434
2017/2/20,0.182197236,1.124490046,1.124490046
2017/2/21,-7.912101164,-5.788522354,-5.788522354
2017/2/22,-6.131355516,-4.267659626,-4.267659626
2017/2/23,-8.2358731,-6.06504285,-6.06504285
2017/2/24,-7.507386244,-5.442871734,-5.442871734
2017/2/25,-9.369074876,-7.032864586,-7.032864586
2017/2/26,-10.09756173,-7.655035702,-7.655035702
2017/2/27,-8.721531004,-6.479823594,-6.479823594
2017/2/28,-5.888526564,-4.060269254,-4.060269254
2017/3/1,-8.883416972,-6.618083842,-6.618083842
2017/3/2,-7.02172834,-5.02809099,-5.02809099
2017/3/3,-6.293241484,-4.405919874,-4.405919874
2017/3/4,-5.726640596,-3.922009006,-3.922009006
2017/3/5,-6.697956404,-4.751570494,-4.751570494
2017/3/6,-5.888526564,-4.060269254,-4.060269254
2017/3/7,-7.993044148,-5.857652478,-5.857652478
2017/3/8,-7.183614308,-5.166351238,-5.166351238
2017/3/9,-4.107780916,-2.539406526,-2.539406526
2017/3/10,-3.298351076,-1.848105286,-1.848105286
2017/3/11,-5.969469548,-4.129399378,-4.129399378
2017/3/12,-5.726640596,-3.922009006,-3.922009006
2017/3/13,-6.131355516,-4.267659626,-4.267659626
2017/3/14,-4.674381804,-3.023317394,-3.023317394
2017/3/15,-4.674381804,-3.023317394,-3.023317394
2017/3/16,-2.893636156,-1.502454666,-1.502454666
2017/3/17,-5.079096724,-3.368968014,-3.368968014
2017/3/18,-3.945894948,-2.401146278,-2.401146278
2017/3/19,-1.436662444,-0.258112434,-0.258112434
2017/3/20,-2.893636156,-1.502454666,-1.502454666
2017/3/21,-5.564754628,-3.783748758,-3.783748758
2017/3/22,-1.112890508,0.018408062,0.018408062
2017/3/23,-2.003263332,-0.742023302,-0.742023302
2017/3/24,-5.564754628,-3.783748758,-3.783748758
2017/3/25,-6.2122985,-4.33678975,-4.33678975
2017/3/26,-4.107780916,-2.539406526,-2.539406526
2017/3/27,0.101254252,1.055359922,1.055359922
2017/3/28,1.07257006,1.88492141,1.88492141
2017/3/29,-1.35571946,-0.18898231,-0.18898231
2017/3/30,-2.56986422,-1.22593417,-1.22593417
2017/3/31,-1.76043438,-0.53463293,-0.53463293
2017/4/1,-0.384403652,0.640579178,0.640579178
2017/4/2,1.07257006,1.88492141,1.88492141
2017/4/3,0.182197236,1.124490046,1.124490046
2017/4/4,0.991627076,1.815791286,1.815791286
2017/4/5,3.743688532,4.166215502,4.166215502
2017/4/6,5.281605228,5.479687858,5.479687858
2017/4/7,1.962942884,2.645352774,2.645352774
2017/4/8,3.09614466,3.61317451,3.61317451
2017/4/9,0.748798124,1.608400914,1.608400914
2017/4/10,-2.084206316,-0.811153426,-0.811153426
2017/4/11,-0.465346636,0.571449054,0.571449054
2017/4/12,-0.303460668,0.709709302,0.709709302
2017/4/13,0.586912156,1.470140666,1.470140666
2017/4/14,1.720113932,2.437962402,2.437962402
2017/4/15,0.910684092,1.746661162,1.746661162
2017/4/16,-0.303460668,0.709709302,0.709709302
2017/4/17,3.177087644,3.682304634,3.682304634
2017/4/18,4.71500434,4.99577699,4.99577699
2017/4/19,0.182197236,1.124490046,1.124490046
2017/4/20,0.505969172,1.401010542,1.401010542
2017/4/21,1.47728498,2.23057203,2.23057203
2017/4/22,2.367657804,2.991003394,2.991003394
2017/4/23,2.529543772,3.129263642,3.129263642
2017/4/24,2.529543772,3.129263642,3.129263642
2017/4/25,1.801056916,2.507092526,2.507092526
2017/4/26,2.367657804,2.991003394,2.991003394
2017/4/27,2.934258692,3.474914262,3.474914262
2017/4/28,1.801056916,2.507092526,2.507092526
2017/4/29,3.258030628,3.751434758,3.751434758
2017/4/30,2.853315708,3.405784138,3.405784138
2017/5/1,4.067460468,4.442735998,4.442735998
2017/5/2,1.801056916,2.507092526,2.507092526
2017/5/3,1.720113932,2.437962402,2.437962402
2017/5/4,1.315399012,2.092311782,2.092311782
2017/5/5,1.315399012,2.092311782,2.092311782
2017/5/6,2.124828852,2.783613022,2.783613022
2017/5/7,2.610486756,3.198393766,3.198393766
2017/5/8,2.448600788,3.060133518,3.060133518
2017/5/9,3.986517484,4.373605874,4.373605874
2017/5/10,4.31028942,4.65012637,4.65012637
2017/5/11,4.795947324,5.064907114,5.064907114
2017/5/12,5.848206116,5.963598726,5.963598726
2017/5/13,4.148403452,4.511866122,4.511866122
2017/5/14,0.66785514,1.53927079,1.53927079
2017/5/15,2.853315708,3.405784138,3.405784138
2017/5/16,4.148403452,4.511866122,4.511866122
2017/5/17,5.362548212,5.548817982,5.548817982
2017/5/18,6.900464908,6.862290338,6.862290338
2017/5/19,8.438381604,8.175762694,8.175762694
2017/5/20,7.871780716,7.691851826,7.691851826
2017/5/21,4.148403452,4.511866122,4.511866122
2017/5/22,6.252921036,6.309249346,6.309249346
2017/5/23,5.848206116,5.963598726,5.963598726
2017/5/24,4.553118372,4.857516742,4.857516742
2017/5/25,4.795947324,5.064907114,5.064907114
2017/5/26,6.73857894,6.72403009,6.72403009
2017/5/27,7.871780716,7.691851826,7.691851826
2017/5/28,9.733469348,9.281844678,9.281844678
2017/5/29,6.73857894,6.72403009,6.72403009
2017/5/30,7.871780716,7.691851826,7.691851826
2017/5/31,8.35743862,8.10663257,8.10663257
2017/6/1,7.709894748,7.553591578,7.553591578
2017/6/2,8.35743862,8.10663257,8.10663257
2017/6/3,5.605377164,5.756208354,5.756208354
2017/6/4,4.391232404,4.719256494,4.719256494
2017/6/5,4.472175388,4.788386618,4.788386618
2017/6/6,4.876890308,5.134037238,5.134037238
2017/6/7,7.9527237,7.76098195,7.76098195
2017/6/8,7.305179828,7.207940958,7.207940958
2017/6/9,6.657635956,6.654899966,6.654899966
2017/6/10,7.14329386,7.06968071,7.06968071
2017/6/11,7.224236844,7.138810834,7.138810834
2017/6/12,8.276495636,8.037502446,8.037502446
2017/6/13,8.681210556,8.383153066,8.383153066
2017/6/14,7.790837732,7.622721702,7.622721702
2017/6/15,9.004982492,8.659673562,8.659673562
2017/6/16,9.16686846,8.79793381,8.79793381
2017/6/17,9.490640396,9.074454306,9.074454306
2017/6/18,7.467065796,7.346201206,7.346201206
2017/6/19,7.709894748,7.553591578,7.553591578
2017/6/20,7.224236844,7.138810834,7.138810834
2017/6/21,7.628951764,7.484461454,7.484461454
2017/6/22,7.871780716,7.691851826,7.691851826
2017/6/23,9.652526364,9.212714554,9.212714554
2017/6/24,9.16686846,8.79793381,8.79793381
2017/6/25,9.085925476,8.728803686,8.728803686
2017/6/26,8.519324588,8.244892818,8.244892818
2017/6/27,9.490640396,9.074454306,9.074454306
2017/6/28,9.57158338,9.14358443,9.14358443
2017/6/29,10.13818427,9.627495298,9.627495298
2017/6/30,10.86667112,10.24966641,10.24966641
2017/7/1,11.91892992,11.14835803,11.14835803
2017/7/2,8.438381604,8.175762694,8.175762694
2017/7/3,9.895355316,9.420104926,9.420104926
2017/7/4,8.438381604,8.175762694,8.175762694
2017/7/5,8.438381604,8.175762694,8.175762694
2017/7/6,11.10950008,10.45705679,10.45705679
2017/7/7,9.247811444,8.867063934,8.867063934
2017/7/8,10.78572814,10.18053629,10.18053629
2017/7/9,8.519324588,8.244892818,8.244892818
2017/7/10,9.814412332,9.350974802,9.350974802
2017/7/11,11.10950008,10.45705679,10.45705679
2017/7/12,12.16175887,11.3557484,11.3557484
2017/7/13,11.9998729,11.21748815,11.21748815
2017/7/14,11.75704395,11.01009778,11.01009778
2017/7/15,13.69967556,12.66922075,12.66922075
2017/7/16,13.29496064,12.32357013,12.32357013
2017/7/17,13.21401766,12.25444001,12.25444001
2017/7/18,12.89024572,11.97791951,11.97791951
2017/7/19,13.69967556,12.66922075,12.66922075
2017/7/20,12.89024572,11.97791951,11.97791951
2017/7/21,12.80930274,11.90878939,11.90878939
2017/7/22,11.59515798,10.87183753,10.87183753
2017/7/23,9.9762983,9.48923505,9.48923505
2017/7/24,9.085925476,8.728803686,8.728803686
2017/7/25,11.75704395,11.01009778,11.01009778
2017/7/26,8.114609668,7.899242198,7.899242198
2017/7/27,10.38101322,9.83488567,9.83488567
2017/7/28,9.9762983,9.48923505,9.48923505
2017/7/29,11.91892992,11.14835803,11.14835803
2017/7/30,11.83798693,11.0792279,11.0792279
2017/7/31,9.895355316,9.420104926,9.420104926
2017/8/1,9.57158338,9.14358443,9.14358443
2017/8/2,10.21912725,9.696625422,9.696625422
2017/8/3,10.30007024,9.765755546,9.765755546
2017/8/4,11.02855709,10.38792666,10.38792666
2017/8/5,11.59515798,10.87183753,10.87183753
2017/8/6,10.38101322,9.83488567,9.83488567
2017/8/7,10.13818427,9.627495298,9.627495298
2017/8/8,8.438381604,8.175762694,8.175762694
2017/8/9,8.519324588,8.244892818,8.244892818
2017/8/10,8.843096524,8.521413314,8.521413314
2017/8/11,7.709894748,7.553591578,7.553591578
2017/8/12,8.35743862,8.10663257,8.10663257
2017/8/13,10.13818427,9.627495298,9.627495298
2017/8/14,11.43327201,10.73357728,10.73357728
2017/8/15,10.62384217,10.04227604,10.04227604
2017/8/16,11.19044306,10.52618691,10.52618691
2017/8/17,12.24270185,11.42487852,11.42487852
2017/8/18,11.59515798,10.87183753,10.87183753
2017/8/19,10.38101322,9.83488567,9.83488567
2017/8/20,10.54289919,9.973145918,9.973145918
2017/8/21,9.085925476,8.728803686,8.728803686
2017/8/22,8.843096524,8.521413314,8.521413314
2017/8/23,9.57158338,9.14358443,9.14358443
2017/8/24,9.814412332,9.350974802,9.350974802
2017/8/25,8.35743862,8.10663257,8.10663257
2017/8/26,9.085925476,8.728803686,8.728803686
2017/8/27,8.843096524,8.521413314,8.521413314
2017/8/28,8.114609668,7.899242198,7.899242198
2017/8/29,8.681210556,8.383153066,8.383153066
2017/8/30,9.004982492,8.659673562,8.659673562
2017/8/31,7.305179828,7.207940958,7.207940958
2017/9/1,7.305179828,7.207940958,7.207940958
2017/9/2,7.386122812,7.277071082,7.277071082
2017/9/3,7.790837732,7.622721702,7.622721702
2017/9/4,4.795947324,5.064907114,5.064907114
2017/9/5,3.986517484,4.373605874,4.373605874
2017/9/6,5.038776276,5.272297486,5.272297486
2017/9/7,5.848206116,5.963598726,5.963598726
2017/9/8,5.767263132,5.894468602,5.894468602
2017/9/9,6.495749988,6.516639718,6.516639718
2017/9/10,5.52443418,5.68707823,5.68707823
2017/9/11,7.9527237,7.76098195,7.76098195
2017/9/12,8.276495636,8.037502446,8.037502446
2017/9/13,8.35743862,8.10663257,8.10663257
2017/9/14,7.062350876,7.000550586,7.000550586
2017/9/15,6.819521924,6.793160214,6.793160214
2017/9/16,7.062350876,7.000550586,7.000550586
2017/9/17,6.73857894,6.72403009,6.72403009
2017/9/18,6.73857894,6.72403009,6.72403009
2017/9/19,5.9291491,6.03272885,6.03272885
2017/9/20,5.362548212,5.548817982,5.548817982
2017/9/21,4.634061356,4.926646866,4.926646866
2017/9/22,4.71500434,4.99577699,4.99577699
2017/9/23,5.686320148,5.825338478,5.825338478
2017/9/24,6.010092084,6.101858974,6.101858974
2017/9/25,5.281605228,5.479687858,5.479687858
2017/9/26,4.634061356,4.926646866,4.926646866
2017/9/27,4.634061356,4.926646866,4.926646866
2017/9/28,4.71500434,4.99577699,4.99577699
2017/9/29,5.11971926,5.34142761,5.34142761
2017/9/30,7.062350876,7.000550586,7.000550586
2017/10/1,6.414807004,6.447509594,6.447509594
2017/10/2,3.338973612,3.820564882,3.820564882
2017/10/3,4.553118372,4.857516742,4.857516742
2017/10/4,4.957833292,5.203167362,5.203167362
2017/10/5,4.472175388,4.788386618,4.788386618
2017/10/6,5.767263132,5.894468602,5.894468602
2017/10/7,4.876890308,5.134037238,5.134037238
2017/10/8,3.419916596,3.889695006,3.889695006
2017/10/9,0.586912156,1.470140666,1.470140666
2017/10/10,0.991627076,1.815791286,1.815791286
2017/10/11,1.153513044,1.954051534,1.954051534
2017/10/12,0.344083204,1.262750294,1.262750294
2017/10/13,1.396341996,2.161441906,2.161441906
2017/10/14,0.991627076,1.815791286,1.815791286
2017/10/15,2.367657804,2.991003394,2.991003394
2017/10/16,3.662745548,4.097085378,4.097085378
2017/10/17,2.610486756,3.198393766,3.198393766
2017/10/18,0.66785514,1.53927079,1.53927079
2017/10/19,1.962942884,2.645352774,2.645352774
2017/10/20,1.153513044,1.954051534,1.954051534
2017/10/21,0.586912156,1.470140666,1.470140666
2017/10/22,0.748798124,1.608400914,1.608400914
2017/10/23,0.505969172,1.401010542,1.401010542
2017/10/24,0.505969172,1.401010542,1.401010542
2017/10/25,-0.465346636,0.571449054,0.571449054
2017/10/26,-2.327035268,-1.018543798,-1.018543798
2017/10/27,-0.708175588,0.364058682,0.364058682
2017/10/28,-1.841377364,-0.603763054,-0.603763054
2017/10/29,-1.598548412,-0.396372682,-0.396372682
2017/10/30,-1.35571946,-0.18898231,-0.18898231
2017/10/31,-1.112890508,0.018408062,0.018408062
2017/11/1,-1.517605428,-0.327242558,-0.327242558
2017/11/2,-1.598548412,-0.396372682,-0.396372682
2017/11/3,-2.1651493,-0.88028355,-0.88028355
2017/11/4,-2.731750188,-1.364194418,-1.364194418
2017/11/5,-2.246092284,-0.949413674,-0.949413674
2017/11/6,-3.298351076,-1.848105286,-1.848105286
2017/11/7,-2.893636156,-1.502454666,-1.502454666
2017/11/8,-2.003263332,-0.742023302,-0.742023302
2017/11/9,-2.246092284,-0.949413674,-0.949413674
2017/11/10,-2.731750188,-1.364194418,-1.364194418
2017/11/11,-2.893636156,-1.502454666,-1.502454666
2017/11/12,-4.59343882,-2.95418727,-2.95418727
2017/11/13,-5.645697612,-3.852878882,-3.852878882
2017/11/14,-5.726640596,-3.922009006,-3.922009006
2017/11/15,-4.917210756,-3.230707766,-3.230707766
2017/11/16,-3.541180028,-2.055495658,-2.055495658
2017/11/17,-3.945894948,-2.401146278,-2.401146278
2017/11/18,-4.755324788,-3.092447518,-3.092447518
2017/11/19,-7.507386244,-5.442871734,-5.442871734
2017/11/20,-8.478702052,-6.272433222,-6.272433222
2017/11/21,-8.964359956,-6.687213966,-6.687213966
2017/11/22,-10.42133367,-7.931556198,-7.931556198
2017/11/23,-11.06887754,-8.48459719,-8.48459719
2017/11/24,-11.47359246,-8.83024781,-8.83024781
2017/11/25,-10.58321964,-8.069816446,-8.069816446
2017/11/26,-9.611903828,-7.240254958,-7.240254958
2017/11/27,-7.588329228,-5.512001858,-5.512001858
2017/11/28,-7.912101164,-5.788522354,-5.788522354
2017/11/29,-7.83115818,-5.71939223,-5.71939223
2017/11/30,-9.369074876,-7.032864586,-7.032864586
2017/12/1,-10.01661875,-7.585905578,-7.585905578
2017/12/2,-8.964359956,-6.687213966,-6.687213966
2017/12/3,-9.04530294,-6.75634409,-6.75634409
2017/12/4,-10.01661875,-7.585905578,-7.585905578
2017/12/5,-9.85473278,-7.44764533,-7.44764533
2017/12/6,-8.64058802,-6.41069347,-6.41069347
2017/12/7,-8.721531004,-6.479823594,-6.479823594
2017/12/8,-6.455127452,-4.544180122,-4.544180122
2017/12/9,-6.697956404,-4.751570494,-4.751570494
2017/12/10,-5.969469548,-4.129399378,-4.129399378
2017/12/11,-5.726640596,-3.922009006,-3.922009006
2017/12/12,-7.02172834,-5.02809099,-5.02809099
2017/12/13,-7.02172834,-5.02809099,-5.02809099
2017/12/14,-8.559645036,-6.341563346,-6.341563346
2017/12/15,-9.126245924,-6.825474214,-6.825474214
2017/12/16,-10.17850472,-7.724165826,-7.724165826
2017/12/17,-10.66416262,-8.13894657,-8.13894657
2017/12/18,-9.288131892,-6.963734462,-6.963734462
2017/12/19,-11.55453544,-8.899377934,-8.899377934
2017/12/20,-11.47359246,-8.83024781,-8.83024781
2017/12/21,-9.45001786,-7.10199471,-7.10199471
2017/12/22,-6.2122985,-4.33678975,-4.33678975
2017/12/23,-7.345500276,-5.304611486,-5.304611486
2017/12/24,-11.31170649,-8.691987562,-8.691987562
2017/12/25,-10.50227665,-8.000686322,-8.000686322
2017/12/26,-11.39264948,-8.761117686,-8.761117686
2017/12/27,-9.773789796,-7.378515206,-7.378515206
2017/12/28,-8.64058802,-6.41069347,-6.41069347
2017/12/29,-10.42133367,-7.931556198,-7.931556198
2017/12/30,-12.7686802,-9.936329794,-9.936329794
2017/12/31,-13.17339512,-10.28198041,-10.28198041
2018/1/1,-12.615,-9.51,-9.51
2018/1/2,-12.385,-9.28,-9.28
2018/1/3,-11.86,-9.6,-9.6
2018/1/4,-12.648,-10.04,-10.04
2018/1/5,-11.693,-9.83,-9.83
2018/1/6,-12.699,-9.22,-9.22
2018/1/7,-13.403,-10.48,-10.48
2018/1/8,-14.118,-12.09,-12.09
2018/1/9,-14.694,-12.11,-12.11
2018/1/10,-14.785,-12.29,-12.29
2018/1/11,-14.686,-11.93,-11.93
2018/1/12,-14.489,-11.96,-11.96
2018/1/13,-13.266,-11.33,-11.33
2018/1/14,-13.966,-10.15,-10.15
2018/1/15,-13.699,-9.86,-9.86
2018/1/16,-11.829,-10.5,-10.5
2018/1/17,-12.631,-9.52,-9.52
2018/1/18,-12.881,-9.3,-9.3
2018/1/19,-14.492,-9.73,-9.73
2018/1/20,-14.89,-9.59,-9.59
2018/1/21,-14.108,-8.83,-8.83
2018/1/22,-11.904,-8.82,-8.82
2018/1/23,-11.228,-8.79,-8.79
2018/1/24,-11.335,-9.12,-9.12
2018/1/25,-10.471,-9.46,-9.46
2018/1/26,-10.682,-9.34,-9.34
2018/1/27,-11.588,-9.23,-9.23
2018/1/28,-13.234,-10.23,-10.23
2018/1/29,-13.514,-10.38,-10.38
2018/1/30,-12.754,-10.06,-10.06
2018/1/31,-9.794,-11.89,-11.89
2018/2/1,-11.636,-12.2,-12.2
2018/2/2,-13.094,-12.53,-12.53
2018/2/3,-11.822,-12.16,-12.16
2018/2/4,-10.726,-11.87,-11.87
2018/2/5,-10.237,-11.67,-11.67
2018/2/6,-9.685,-11.11,-11.11
2018/2/7,-8.912,-11.4,-11.4
2018/2/8,-10.502,-10.97,-10.97
2018/2/9,-11.724,-11.36,-11.36
2018/2/10,-11.296,-11.97,-11.97
2018/2/11,-9.609,-11.41,-11.41
2018/2/12,-9.681,-11.11,-11.11
2018/2/13,-10.086,-10.31,-10.31
2018/2/14,-9.153,-8.57,-8.57
2018/2/15,-8.922,-8.44,-8.44
2018/2/16,-9.123,-7.76,-7.76
2018/2/17,-9.553,-6.993,-6.993
2018/2/18,-8.794,-8.36,-8.36
2018/2/19,-7.914,-8.88,-8.88
2018/2/20,-8.459,-9.26,-9.26
2018/2/21,-7.8,-10.32,-10.32
2018/2/22,-6.919,-10.31,-10.31
2018/2/23,-8.458,-8.92,-8.92
2018/2/24,-8.759,-8.53,-8.53
2018/2/25,-7.703,-8.42,-8.42
2018/2/26,-7.45,-7.263,-7.263
2018/2/27,-6.169,-6.512,-6.512
2018/2/28,-5.84,-6.944,-6.944
2018/3/1,-5.707,-6.19,-6.19
2018/3/2,-5.122,-5.903,-5.903
2018/3/3,-4.777,-5.37,-5.37
2018/3/4,-4.19,-4.608,-4.608
2018/3/5,-3.416,-4.967,-4.967
2018/3/6,-3.412,-4.246,-4.246
2018/3/7,-4.993,-4.912,-4.912
2018/3/8,-5.947,-5.08,-5.08
2018/3/9,-6.305,-4.53,-4.53
2018/3/10,-6.337,-3.813,-3.813
2018/3/11,-4.716,-3.518,-3.518
2018/3/12,-4.857,-2.911,-2.911
2018/3/13,-4.429,-2.699,-2.699
2018/3/14,-3.431,-2.147,-2.147
2018/3/15,-2.999,-1.566,-1.566
2018/3/16,-3.716,-1.213,-1.213
2018/3/17,-2.041,-1.387,-1.387
2018/3/18,-2.558,-1.732,-1.732
2018/3/19,-3.343,-2.611,-2.611
2018/3/20,-3.288,-3.858,-3.858
2018/3/21,-2.948,-1.958,-1.958
2018/3/22,-3.728,-2.583,-2.583
2018/3/23,-3.439,-1.848,-1.848
2018/3/24,-2.333,-1.386,-1.386
2018/3/25,-2.872,-1.327,-1.327
2018/3/26,-3.233,-1.001,-1.001
2018/3/27,-2.269,-0.462,-0.462
2018/3/28,-1.981,-0.141,-0.141
2018/3/29,-1.633,0.067,0.067
2018/3/30,-0.775,0.163,0.163
2018/3/31,-0.705,0.151,0.151
2018/4/1,-0.065,-0.148,-0.148
2018/4/2,0.466,0.295,0.295
2018/4/3,0.939,0.514,0.514
2018/4/4,0.319,0.48,0.48
2018/4/5,-0.097,0.355,0.355
2018/4/6,-0.43,-0.676,-0.676
2018/4/7,-0.489,-0.451,-0.451
2018/4/8,-0.32,-0.099,-0.099
2018/4/9,0.055,0.304,0.304
2018/4/10,1.047,0.52,0.52
2018/4/11,1.127,0.608,0.608
2018/4/12,1.07,0.544,0.544
2018/4/13,0.988,0.586,0.586
2018/4/14,0.14,0.449,0.449
2018/4/15,1.043,0.512,0.512
2018/4/16,1.915,0.757,0.757
2018/4/17,2.948,1.169,1.169
2018/4/18,4.095,1.763,1.763
2018/4/19,3.819,1.403,1.403
2018/4/20,3.627,1.456,1.456
2018/4/21,4.375,2.084,2.084
2018/4/22,3.618,1.347,1.347
2018/4/23,2.188,0.953,0.953
2018/4/24,3.381,1.865,1.865
2018/4/25,3.185,1.609,1.609
2018/4/26,3.429,2.108,2.108
2018/4/27,4.073,2.743,2.743
2018/4/28,5.184,3.491,3.491
2018/4/29,4.946,2.63,2.63
2018/4/30,4.648,2.834,2.834
2018/5/1,4.736,3.468,3.468
2018/5/2,6.074,4.565,4.565
2018/5/3,7.267,5.447,5.447
2018/5/4,6.903,4.876,4.876
2018/5/5,4.743,2.854,2.854
2018/5/6,3.722,2.422,2.422
2018/5/7,4.478,3.239,3.239
2018/5/8,4.797,3.758,3.758
2018/5/9,3.298,2.206,2.206
2018/5/10,3.334,1.609,1.609
2018/5/11,3.651,2.113,2.113
2018/5/12,3.874,3.134,3.134
2018/5/13,6.32,5.399,5.399
2018/5/14,8.148,7.118,7.118
2018/5/15,7.823,6.745,6.745
2018/5/16,6.993,5.997,5.997
2018/5/17,8.407,7.083,7.083
2018/5/18,6.764,5.73,5.73
2018/5/19,6.748,6.057,6.057
2018/5/20,7.303,6.369,6.369
2018/5/21,4.891,4.195,4.195
2018/5/22,4.939,4.4,4.4
2018/5/23,6.608,5.903,5.903
2018/5/24,5.721,5.266,5.266
2018/5/25,3.608,3.516,3.516
2018/5/26,4.001,3.458,3.458
2018/5/27,5.536,5.065,5.065
2018/5/28,6.437,6.068,6.068
2018/5/29,5.814,5.633,5.633
2018/5/30,6.502,6.475,6.475
2018/5/31,7.106,6.931,6.931
2018/6/1,6.584,6.638,6.638
2018/6/2,5.914,5.875,5.875
2018/6/3,6.478,6.641,6.641
2018/6/4,7.434,7.581,7.581
2018/6/5,9.258,9,9
2018/6/6,8.809,8.352,8.352
2018/6/7,6.204,6.18,6.18
2018/6/8,6.434,6.319,6.319
2018/6/9,6.529,6.417,6.417
2018/6/10,6.68,6.653,6.653
2018/6/11,7.178,7.364,7.364
2018/6/12,8.183,8.209,8.209
2018/6/13,9.322,9.31,9.31
2018/6/14,9.374,9.21,9.21
2018/6/15,7.036,7.214,7.214
2018/6/16,5.763,6.033,6.033
2018/6/17,7.222,7.498,7.498
2018/6/18,8.092,8.447,8.447
2018/6/19,7.253,7.771,7.771
2018/6/20,8.607,9.31,9.31
2018/6/21,10.26,10.99,10.99
2018/6/22,10.457,11.26,11.26
2018/6/23,8.845,9.61,9.61
2018/6/24,8.74,9.69,9.69
2018/6/25,8.173,9.14,9.14
2018/6/26,8.797,10.1,10.1
2018/6/27,10.028,11.55,11.55
2018/6/28,10.788,12.27,12.27
2018/6/29,10.655,12.19,12.19
2018/6/30,10.335,11.76,11.76
2018/7/1,9.868,10.88,10.88
2018/7/2,9.793,10.93,10.93
2018/7/3,9.033,10.37,10.37
2018/7/4,9.247,10.65,10.65
2018/7/5,8.516,9.93,9.93
2018/7/6,9.068,10.81,10.81
2018/7/7,9.383,10.93,10.93
2018/7/8,8.808,10.52,10.52
2018/7/9,8.563,10.33,10.33
2018/7/10,8.94,10.56,10.56
2018/7/11,8.625,11.1,11.1
2018/7/12,10.057,10.43,10.43
2018/7/13,11.476,10.5,10.5
2018/7/14,11.091,10.26,10.26
2018/7/15,10.461,11.14,11.14
2018/7/16,11.822,11.56,11.56
2018/7/17,12.315,10.62,10.62
2018/7/18,11.945,10.642,10.642
2018/7/19,11.266,10.747,10.747
2018/7/20,11.911,11.154,11.154
2018/7/21,12.982,10.66,10.66
2018/7/22,12.185,9.906,9.906
2018/7/23,11.817,9.731,9.731
2018/7/24,12.953,10.294,10.294
2018/7/25,14.204,11.086,11.086
2018/7/26,13.79,11.537,11.537
2018/7/27,12.034,11.534,11.534
2018/7/28,13.745,13.857,13.857
2018/7/29,15.738,12.376,12.376
2018/7/30,15.848,11.396,11.396
2018/7/31,15.966,11.671,11.671
2018/8/1,15.586,12.53,12.53
2018/8/2,14.886,12.853,12.853
2018/8/3,14.596,11.317,11.317
2018/8/4,15.082,11.172,11.172
2018/8/5,14.522,11.543,11.543
2018/8/6,11.933,11.49,11.49
2018/8/7,11.764,11.376,11.376
2018/8/8,11.066,10.781,10.781
2018/8/9,12.52,10.577,10.577
2018/8/10,14.191,11.482,11.482
2018/8/11,13.249,12.179,12.179
2018/8/12,12.146,13.72,13.72
2018/8/13,12.641,12.45,12.45
2018/8/14,13.584,12.96,12.96
2018/8/15,12.799,12.08,12.08
2018/8/16,11.462,11.38,11.38
2018/8/17,12.031,11.79,11.79
2018/8/18,13.902,13.22,13.22
2018/8/19,14.129,13.26,13.26
2018/8/20,12.86,12.15,12.15
2018/8/21,11.643,11.47,11.47
2018/8/22,12.352,12.09,12.09
2018/8/23,13.329,12.78,12.78
2018/8/24,11.853,11.22,11.22
2018/8/25,11.919,11.91,11.91
2018/8/26,12.864,12.25,12.25
2018/8/27,13.073,12.67,12.67
2018/8/28,12.88,12.04,12.04
2018/8/29,11.366,11.18,11.18
2018/8/30,12.314,11.86,11.86
2018/8/31,11.978,11.59,11.59
2018/9/1,12.121,11.95,11.95
2018/9/2,12.593,12.28,12.28
2018/9/3,12.059,11.92,11.92
2018/9/4,11.37,11.09,11.09
2018/9/5,10.071,10.26,10.26
2018/9/6,10.502,10.74,10.74
2018/9/7,10.31,10.39,10.39
2018/9/8,10.818,10.77,10.77
2018/9/9,11.299,11.08,11.08
2018/9/10,10.565,10.28,10.28
2018/9/11,9.765,9.42,9.42
2018/9/12,9.62,9.29,9.29
2018/9/13,9.481,8.97,8.97
2018/9/14,7.317,7.156,7.156
2018/9/15,7.814,7.994,7.994
2018/9/16,8.194,7.894,7.894
2018/9/17,6.872,6.729,6.729
2018/9/18,6.117,6.152,6.152
2018/9/19,6.563,6.98,6.98
2018/9/20,5.637,6.28,6.28
2018/9/21,5.658,6.252,6.252
2018/9/22,6.526,6.845,6.845
2018/9/23,7.22,7.418,7.418
2018/9/24,8.096,8.273,8.273
2018/9/25,8.368,8.501,8.501
2018/9/26,7.846,7.849,7.849
2018/9/27,6.241,6.068,6.068
2018/9/28,5.47,4.666,4.666
2018/9/29,4.73,4.716,4.716
2018/9/30,4.616,4.851,4.851
2018/10/1,3.872,4.294,4.294
2018/10/2,4.205,4.498,4.498
2018/10/3,4.328,4.575,4.575
2018/10/4,4.167,4.37,4.37
2018/10/5,3.926,4.151,4.151
2018/10/6,3.819,4.03,4.03
2018/10/7,3.71,3.895,3.895
2018/10/8,3.203,3.352,3.352
2018/10/9,2.505,2.727,2.727
2018/10/10,2.218,2.394,2.394
2018/10/11,2.016,2.317,2.317
2018/10/12,2.29,2.63,2.63
2018/10/13,1.703,2.031,2.031
2018/10/14,1.184,1.673,1.673
2018/10/15,1.302,1.823,1.823
2018/10/16,1.618,2.077,2.077
2018/10/17,1.738,2.181,2.181
2018/10/18,1.591,2.02,2.02
2018/10/19,1.606,2.075,2.075
2018/10/20,1.183,1.703,1.703
2018/10/21,1.06,1.633,1.633
2018/10/22,0.451,1.295,1.295
2018/10/23,0.101,0.729,0.729
2018/10/24,-0.031,0.469,0.469
2018/10/25,-0.211,0.185,0.185
2018/10/26,-0.582,-0.018,-0.018
2018/10/27,-0.736,-0.004,-0.004
2018/10/28,-0.776,0.032,0.032
2018/10/29,-0.92,-0.067,-0.067
2018/10/30,-0.987,-0.089,-0.089
2018/10/31,-1.123,-0.188,-0.188
2018/11/1,-0.956,0.01,0.01
2018/11/2,-0.634,0.255,0.255
2018/11/3,-0.429,0.355,0.355
2018/11/4,-0.445,0.276,0.276
2018/11/5,-1.084,-0.375,-0.375
2018/11/6,-1.633,-0.59,-0.59
2018/11/7,-2.342,-1.178,-1.178
2018/11/8,-3.131,-1.559,-1.559
2018/11/9,-3.186,-1.473,-1.473
2018/11/10,-2.239,-0.667,-0.667
2018/11/11,-3.863,-1.821,-1.821
2018/11/12,-4.587,-2.175,-2.175
2018/11/13,-4.913,-2.373,-2.373
2018/11/14,-4.785,-2.251,-2.251
2018/11/15,-5.402,-2.729,-2.729
2018/11/16,-5.852,-2.872,-2.872
2018/11/17,-6.007,-2.901,-2.901
2018/11/18,-6.639,-3.376,-3.376
2018/11/19,-7.216,-3.844,-3.844
2018/11/20,-7.413,-3.909,-3.909
2018/11/21,-8.944,-5.095,-5.095
2018/11/22,-9.586,-5.501,-5.501
2018/11/23,-9.245,-5.201,-5.201
2018/11/24,-8.779,-4.834,-4.834
2018/11/25,-9.208,-5.26,-5.26
2018/11/26,-8.879,-5.07,-5.07
2018/11/27,-9.197,-5.414,-5.414
2018/11/28,-8.17,-4.795,-4.795
2018/11/29,-7.567,-4.542,-4.542
2018/11/30,-7.689,-4.658,-4.658
2018/12/1,-8.247,-5.322,-5.322
2018/12/2,-8.041,-5.243,-5.243
2018/12/3,-8.897,-6.261,-6.261
2018/12/4,-10.744,-8.08,-8.08
2018/12/5,-10.591,-7.879,-7.879
2018/12/6,-11.967,-9.106,-9.106
2018/12/7,-11.827,-8.931,-8.931
2018/12/8,-12.147,-9.32,-9.32
2018/12/9,-12.821,-9.941,-9.941
2018/12/10,-12.656,-9.809,-9.809
2018/12/11,-12.791,-10.053,-10.053
2018/12/12,-12.531,-9.939,-9.939
2018/12/13,-12.293,-9.792,-9.792
2018/12/14,-11.733,-9.377,-9.377
2018/12/15,-11.499,-9.223,-9.223
2018/12/16,-12.4,-10.002,-10.002
2018/12/17,-12.072,-9.736,-9.736
2018/12/18,-11.622,-9.431,-9.431
2018/12/19,-11.24,-9.151,-9.151
2018/12/20,-10.272,-8.324,-8.324
2018/12/21,-11.522,-9.465,-9.465
2018/12/22,-12.568,-10.407,-10.407
2018/12/23,-13.528,-11.134,-11.134
2018/12/24,-13.047,-10.844,-10.844
2018/12/25,-13.055,-10.888,-10.888
2018/12/26,-13.159,-11.025,-11.025
2018/12/27,-13.979,-11.719,-11.719
2018/12/28,-14.06,-11.831,-11.831
2018/12/29,-14.434,-12.216,-12.216
2018/12/30,-14.836,-12.555,-12.555
2018/12/31,-13.981,-11.708,-11.708
2019/1/1,-12.96,-11.561,-11.561
2019/1/2,-12.383,-11.108,-11.108
2019/1/3,-12.315,-11.121,-11.121
2019/1/4,-12.085,-10.949,-10.949
2019/1/5,-11.56,-10.545,-10.545
2019/1/6,-12.348,-11.24,-11.24
2019/1/7,-11.393,-10.157,-10.157
2019/1/8,-12.399,-10.904,-10.904
2019/1/9,-13.103,-11.443,-11.443
2019/1/10,-13.818,-12.059,-12.059
2019/1/11,-14.394,-12.583,-12.583
2019/1/12,-14.485,-12.676,-12.676
2019/1/13,-14.386,-12.625,-12.625
2019/1/14,-14.189,-12.488,-12.488
2019/1/15,-12.966,-11.519,-11.519
2019/1/16,-13.666,-12.125,-12.125
2019/1/17,-13.399,-11.944,-11.944
2019/1/18,-11.529,-10.354,-10.354
2019/1/19,-12.331,-10.983,-10.983
2019/1/20,-12.581,-11.112,-11.112
2019/1/21,-14.192,-12.427,-12.427
2019/1/22,-14.59,-12.906,-12.906
2019/1/23,-13.808,-12.365,-12.365
2019/1/24,-11.604,-10.732,-10.732
2019/1/25,-10.928,-10.324,-10.324
2019/1/26,-11.035,-10.445,-10.445
2019/1/27,-10.171,-9.827,-9.827
2019/1/28,-10.382,-9.997,-9.997
2019/1/29,-11.288,-10.73,-10.73
2019/1/30,-12.934,-11.886,-11.886
2019/1/31,-13.214,-12.315,-12.315
2019/2/1,-12.454,-11.78,-11.78
2019/2/2,-9.494,-9.188,-9.188
2019/2/3,-11.336,-10.789,-10.789
2019/2/4,-12.794,-11.977,-11.977
2019/2/5,-11.522,-10.773,-10.773
2019/2/6,-10.426,-9.892,-9.892
2019/2/7,-9.937,-9.486,-9.486
2019/2/8,-9.385,-8.973,-8.973
2019/2/9,-8.612,-8.432,-8.432
2019/2/10,-10.202,-9.527,-9.527
2019/2/11,-11.424,-10.327,-10.327
2019/2/12,-10.996,-10.011,-10.011
2019/2/13,-9.309,-8.69,-8.69
2019/2/14,-9.381,-8.791,-8.791
2019/2/15,-9.786,-9.238,-9.238
2019/2/16,-8.853,-8.549,-8.549
2019/2/17,-8.622,-8.414,-8.414
2019/2/18,-8.823,-8.575,-8.575
2019/2/19,-9.253,-8.957,-8.957
2019/2/20,-8.494,-8.236,-8.236
2019/2/21,-7.614,-7.464,-7.464
2019/2/22,-8.159,-7.949,-7.949
2019/2/23,-7.5,-7.321,-7.321
2019/2/24,-6.619,-6.56,-6.56
2019/2/25,-8.158,-7.943,-7.943
2019/2/26,-8.459,-8.158,-8.158
2019/2/27,-7.403,-7.261,-7.261
2019/2/28,-7.15,-7.046,-7.046
2019/3/1,-5.869,-5.887,-5.887
2019/3/2,-5.54,-5.727,-5.727
2019/3/3,-5.407,-5.595,-5.595
2019/3/4,-4.822,-5.039,-5.039
2019/3/5,-4.477,-4.788,-4.788
2019/3/6,-3.89,-4.221,-4.221
2019/3/7,-3.116,-3.525,-3.525
2019/3/8,-3.112,-3.534,-3.534
2019/3/9,-4.693,-5.111,-5.111
2019/3/10,-5.647,-5.837,-5.837
2019/3/11,-6.005,-6.083,-6.083
2019/3/12,-6.037,-6.044,-6.044
2019/3/13,-4.416,-4.518,-4.518
2019/3/14,-4.557,-4.668,-4.668
2019/3/15,-4.129,-3.603,-3.603
2019/3/16,-3.131,-3.483,-3.483
2019/3/17,-2.699,-3.029,-3.029
2019/3/18,-3.416,-2.765,-2.765
2019/3/19,-1.741,-2.098,-2.098
2019/3/20,-2.258,-2.718,-2.718
2019/3/21,-3.043,-2.555,-2.555
2019/3/22,-2.988,-2.75,-2.75
2019/3/23,-2.648,-3.125,-3.125
2019/3/24,-3.428,-2.231,-2.231
2019/3/25,-3.139,-2.642,-2.642
2019/3/26,-2.033,-2.363,-2.363
2019/3/27,-2.572,-2.172,-2.172
2019/3/28,-2.933,-2.757,-2.757
2019/3/29,-1.969,-2.174,-2.174
2019/3/30,-1.681,-2.034,-2.034
2019/3/31,-1.333,-1.718,-1.718
2019/4/1,-0.475,-0.718,-0.718
2019/4/2,-0.405,-0.761,-0.761
2019/4/3,-0.151,-0.419,-0.419
2019/4/4,-0.395,-1.228,-1.228
2019/4/5,-0.094,-0.584,-0.584
2019/4/6,0.153,-0.059,-0.059
2019/4/7,0.286,0.039,0.039
2019/4/8,0.294,0.047,0.047
2019/4/9,0.211,-0.096,-0.096
2019/4/10,0.176,-0.554,-0.554
2019/4/11,0.309,0.309,0.309
2019/4/12,0.443,0.443,0.443
2019/4/13,0.655,0.655,0.655
2019/4/14,1.415,0.51,0.51
2019/4/15,1.611,0.844,0.844
2019/4/16,2.715,1.498,1.498
2019/4/17,4.027,1.073,1.073
2019/4/18,4.723,1.056,1.056
2019/4/19,3.91,1.965,1.965
2019/4/20,3.809,1.106,1.106
2019/4/21,5.644,0.647,0.647
2019/4/22,5.938,1.405,1.405
2019/4/23,4.828,1.234,1.234
2019/4/24,5.033,1.973,1.973
2019/4/25,5.574,2.359,2.359
2019/4/26,5.453,3.198,3.198
2019/4/27,3.582,2.146,2.146
2019/4/28,3.448,2.623,2.623
2019/4/29,2.583,3.037,3.037
2019/4/30,2.747,2.747,2.747
2019/5/1,4.341,4.341,4.341
2019/5/2,4.603,4.603,4.603
2019/5/3,4.553,4.553,4.553
2019/5/4,4.204,4.204,4.204
2019/5/5,3.589,3.589,3.589
2019/5/6,3.901,3.901,3.901
2019/5/7,3.034,3.034,3.034
2019/5/8,3.263,3.263,3.263
2019/5/9,3.393,3.393,3.393
2019/5/10,3.231,3.231,3.231
2019/5/11,3.305,3.305,3.305
2019/5/12,3.869,3.869,3.869
2019/5/13,4.944,4.944,4.944
2019/5/14,5.391,5.391,5.391
2019/5/15,5.51,5.51,5.51
2019/5/16,6.365,6.365,6.365
2019/5/17,6.565,6.565,6.565
2019/5/18,6.227,6.227,6.227
2019/5/19,6.25,6.25,6.25
2019/5/20,7.231,7.231,7.231
2019/5/21,7.923,6.923,6.923
2019/5/22,8.195,7.195,7.195
2019/5/23,8.762,6.762,6.762
2019/5/24,9.296,7.296,7.296
2019/5/25,9.782,7.782,7.782
2019/5/26,7.124,7.124,7.124
2019/5/27,7.517,7.517,7.517
2019/5/28,8.33,7.33,7.33
2019/5/29,5.407,5.407,5.407
2019/5/30,4.742,4.742,4.742
2019/5/31,5.19,5.19,5.19
2019/6/1,4.801,4.801,4.801
2019/6/2,5.593,5.593,5.593
2019/6/3,6.535,6.535,6.535
2019/6/4,7.587,7.587,7.587
2019/6/5,7.881,7.881,7.881
2019/6/6,7.346,7.346,7.346
2019/6/7,7.461,7.461,7.461
2019/6/8,8.58,8.58,8.58
2019/6/9,8.559,8.559,8.559
2019/6/10,8.326,8.326,8.326
2019/6/11,8.755,8.755,8.755
2019/6/12,9.72,9.72,9.72
2019/6/13,11.038,9.038,9.038
2019/6/14,9.165,9.165,9.165
2019/6/15,8.922,8.922,8.922
2019/6/16,9.627,9.627,9.627
2019/6/17,9.902,9.902,9.902
2019/6/18,7.788,7.788,7.788
2019/6/19,8.235,8.235,8.235
2019/6/20,9.423,9.423,9.423
2019/6/21,10.62,10.62,10.62
2019/6/22,11.304,11.304,11.304
2019/6/23,11.014,11.014,11.014
2019/6/24,10.814,10.814,10.814
2019/6/25,10.781,10.781,10.781
2019/6/26,8.736,8.736,8.736
2019/6/27,7.581,7.581,7.581
2019/6/28,8.744,8.744,8.744
2019/6/29,8.327,8.327,8.327
2019/6/30,9.082,9.082,9.082
2019/7/1,10.583,10.583,10.583
2019/7/2,10.611,10.611,10.611
2019/7/3,10.502,10.502,10.502
2019/7/4,11.829,11.829,11.829
2019/7/5,13.636,11.636,11.636
2019/7/6,12.625,11.625,11.625
2019/7/7,9.429,9.429,9.429
2019/7/8,9.14,9.14,9.14
2019/7/9,9.899,9.899,9.899
2019/7/10,10.714,10.714,10.714
2019/7/11,9.332,9.332,9.332
2019/7/12,9.988,9.988,9.988
2019/7/13,9.986,9.986,9.986
2019/7/14,9.557,9.557,9.557
2019/7/15,11.269,11.269,11.269
2019/7/16,11.498,11.498,11.498
2019/7/17,10.341,10.341,10.341
2019/7/18,9.803,11.115,11.115
2019/7/19,10.374,10.364,10.364
2019/7/20,10.781,10.578,10.578
2019/7/21,9.797,9.659,9.659
2019/7/22,9.635,9.673,9.673
2019/7/23,9.999,9.932,9.932
2019/7/24,10.518,10.608,10.608
2019/7/25,11.627,11.572,11.572
2019/7/26,12.291,12.145,12.145
2019/7/27,11.97,11.898,11.898
2019/7/28,13.186,13.014,13.014
2019/7/29,13.171,12.721,12.721
2019/7/30,13.176,12.581,12.581
2019/7/31,13.563,12.941,12.941
2019/8/1,13.032,12.249,12.249
2019/8/2,11.872,11.506,11.506
2019/8/3,11.611,11.004,11.004
2019/8/4,10.653,10.473,10.473
2019/8/5,11.545,11.126,11.126
2019/8/6,12.003,11.511,11.511
2019/8/7,11.397,10.592,10.592
2019/8/8,10.231,9.993,9.993
2019/8/9,9.927,9.585,9.585
2019/8/10,11.72,11.244,11.244
2019/8/11,13.254,12.359,12.359
2019/8/12,11.851,10.853,10.853
2019/8/13,9.308,9.099,9.099
2019/8/14,11.031,10.727,10.727
2019/8/15,12.461,11.889,11.889
2019/8/16,13.466,12.649,12.649
2019/8/17,13.088,12.422,12.422
2019/8/18,14.402,13.432,13.432
2019/8/19,12.178,11.392,11.392
2019/8/20,11.173,10.969,10.969
2019/8/21,10.707,10.361,10.361
2019/8/22,10.413,10.236,10.236
2019/8/23,10.656,10.449,10.449
2019/8/24,11.634,11.465,11.465
2019/8/25,11.604,11.235,11.235
2019/8/26,10.897,10.532,10.532
2019/8/27,11.705,11.46,11.46
2019/8/28,11.906,11.742,11.742
2019/8/29,12.199,11.964,11.964
2019/8/30,11.731,11.352,11.352
2019/8/31,10.376,10.375,10.375
2019/9/1,10.935,10.986,10.986
2019/9/2,10.877,10.851,10.851
2019/9/3,10.851,10.847,10.847
2019/9/4,10.964,10.865,10.865
2019/9/5,11.485,11.464,11.464
2019/9/6,10.556,10.477,10.477
2019/9/7,10.544,10.49,10.49
2019/9/8,10.68,10.492,10.492
2019/9/9,10.535,10.451,10.451
2019/9/10,10.838,10.777,10.777
2019/9/11,10.289,10.316,10.316
2019/9/12,9.949,9.866,9.866
2019/9/13,9.298,9.32,9.32
2019/9/14,8.443,8.481,8.481
2019/9/15,8.597,8.78,8.78
2019/9/16,7.983,8.114,8.114
2019/9/17,7.241,7.64,7.64
2019/9/18,7.336,7.507,7.507
2019/9/19,6.447,6.708,6.708
2019/9/20,6.103,6.36,6.36
2019/9/21,6.11,6.187,6.187
2019/9/22,5.439,5.556,5.556
2019/9/23,5.036,5.364,5.364
2019/9/24,6.2,6.354,6.354
2019/9/25,6.284,6.475,6.475
2019/9/26,6.423,6.661,6.661
2019/9/27,6.752,7.005,7.005
2019/9/28,6.8,6.957,6.957
2019/9/29,6.645,6.819,6.819
2019/9/30,7.113,7.336,7.336
2019/10/1,7.314,7.454,7.454
2019/10/2,7.643,7.684,7.684
2019/10/3,6.824,6.762,6.762
2019/10/4,5.908,6.036,6.036
2019/10/5,5.33,5.429,5.429
2019/10/6,5.051,4.624,4.624
2019/10/7,4.01,5.082,5.082
2019/10/8,3.503,4.909,4.909
2019/10/9,2.805,3.607,3.607
2019/10/10,2.518,3.851,3.851
2019/10/11,2.316,3.923,3.923
2019/10/12,2.59,2.909,2.909
2019/10/13,2.003,2.074,2.074
2019/10/14,1.484,2.145,2.145
2019/10/15,1.602,1.744,1.744
2019/10/16,1.918,1.708,1.708
2019/10/17,2.038,1.253,1.253
2019/10/18,1.891,1.291,1.291
2019/10/19,1.906,1.436,1.436
2019/10/20,1.483,1.306,1.306
2019/10/21,1.36,1.181,1.181
2019/10/22,0.751,1.092,1.092
2019/10/23,0.401,0.79,0.79
2019/10/24,0.269,0.316,0.316
2019/10/25,0.089,0.26,0.26
2019/10/26,-0.282,-0.191,-0.191
2019/10/27,-0.436,-0.238,-0.238
2019/10/28,-0.476,-0.477,-0.477
2019/10/29,-0.62,-0.393,-0.393
2019/10/30,-0.687,-0.438,-0.438
2019/10/31,-0.823,-0.173,-0.173
2019/11/1,-0.656,-0.502,-0.502
2019/11/2,-0.334,-0.743,-0.743
2019/11/3,-0.129,-0.561,-0.561
2019/11/4,-0.145,-0.434,-0.434
2019/11/5,-0.784,-0.349,-0.349
2019/11/6,-1.333,-0.327,-0.327
2019/11/7,-2.042,-0.417,-0.417
2019/11/8,-2.831,-0.807,-0.807
2019/11/9,-2.886,-0.78,-0.78
2019/11/10,-1.939,-1.773,-1.773
2019/11/11,-3.563,-1.343,-1.343
2019/11/12,-4.287,-1.966,-1.966
2019/11/13,-4.613,-3.09,-3.09
2019/11/14,-4.485,-3.308,-3.308
2019/11/15,-5.102,-2.588,-2.588
2019/11/16,-5.552,-1.97,-1.97
2019/11/17,-5.707,-2.225,-2.225
2019/11/18,-6.339,-3.896,-3.896
2019/11/19,-6.916,-4.159,-4.159
2019/11/20,-7.113,-3.55,-3.55
2019/11/21,-8.644,-4.045,-4.045
2019/11/22,-9.286,-3.036,-3.036
2019/11/23,-8.945,-2.53,-2.53
2019/11/24,-8.479,-3.834,-3.834
2019/11/25,-8.908,-4.232,-4.232
2019/11/26,-8.579,-3.865,-3.865
2019/11/27,-8.897,-3.752,-3.752
2019/11/28,-7.87,-3.898,-3.898
2019/11/29,-7.267,-3.736,-3.736
2019/11/30,-7.389,-4.138,-4.138
2019/12/1,-7.947,-4.985,-4.985
2019/12/2,-7.741,-6.178,-6.178
2019/12/3,-8.597,-6.917,-6.917
2019/12/4,-10.444,-7.335,-7.335
2019/12/5,-10.291,-7.274,-7.274
2019/12/6,-11.667,-7.68,-7.68
2019/12/7,-11.527,-7.646,-7.646
2019/12/8,-11.847,-7.571,-7.571
2019/12/9,-12.521,-7.715,-7.715
2019/12/10,-12.356,-7.994,-7.994
2019/12/11,-12.491,-8.471,-8.471
2019/12/12,-12.231,-8.998,-8.998
2019/12/13,-11.993,-8.947,-8.947
2019/12/14,-11.433,-9.004,-9.004
2019/12/15,-11.199,-8.583,-8.583
2019/12/16,-12.1,-8.984,-8.984
2019/12/17,-11.772,-9.069,-9.069
2019/12/18,-11.322,-10.026,-10.026
2019/12/19,-10.94,-10.882,-10.882
2019/12/20,-9.972,-11.308,-11.308
2019/12/21,-11.222,-11.46,-11.46
2019/12/22,-12.268,-11.658,-11.658
2019/12/23,-13.228,-10.987,-10.987
2019/12/24,-12.747,-10.459,-10.459
2019/12/25,-12.755,-10.317,-10.317
2019/12/26,-12.859,-11.378,-11.378
2019/12/27,-13.679,-11.785,-11.785
2019/12/28,-13.76,-12.878,-12.878
2019/12/29,-14.134,-10.393,-10.393
2019/12/30,-14.536,-11.142,-11.142
2019/12/31,-13.681,-10.879,-10.879
2020/1/1,-12.96,-10.486,-10.486
2020/1/2,-12.383,-10.144,-10.144
2020/1/3,-12.315,-10.311,-10.311
2020/1/4,-12.085,-10.445,-10.445
2020/1/5,-12.13458333,-10.137,-10.137
2020/1/6,-12.54916667,-10.18,-10.18
2020/1/7,-11.805625,-10.269,-10.269
2020/1/8,-11.62145833,-11.447,-11.447
2020/1/9,-12.27666667,-11.727,-11.727
2020/1/10,-12.21854167,-12.124,-12.124
2020/1/11,-12.0775,-12.206,-12.206
2020/1/12,-12.02333333,-12.268,-12.268
2020/1/13,-11.04708333,-11.928,-11.928
2020/1/14,-11.17395833,-11.269,-11.269
2020/1/15,-12.37791667,-10.639,-10.639
2020/1/16,-13.01166667,-11.263,-11.263
2020/1/17,-13.78541667,-10.682,-10.682
2020/1/18,-14.16708333,-9.777,-9.777
2020/1/19,-14.24791667,-10.306,-10.306
2020/1/20,-13.8625,-10.301,-10.301
2020/1/21,-13.88166667,-10.578,-10.578
2020/1/22,-13.578125,-10.813,-10.813
2020/1/23,-13.72770833,-10.528,-10.528
2020/1/24,-14.07333333,-9.876,-9.876
2020/1/25,-14.16625,-9.842,-9.842
2020/1/26,-13.79166667,-9.843,-9.843
2020/1/27,-13.45270833,-9.478,-9.478
2020/1/28,-13.56520833,-10.063,-10.063
2020/1/29,-13.4021875,-10.505,-10.505
2020/1/30,-13.7790625,-10.923,-10.923
2020/1/31,-13.50911458,-12.053,-12.053
2020/2/1,-13.23916667,-11.94,-11.94
2020/2/2,-13.73666667,-10.809,-10.809
2020/2/3,-13.76645833,-11.424,-11.424
2020/2/4,-13.05416667,-11.874,-11.874
2020/2/5,-12.52375,-11.172,-11.172
2020/2/6,-12.29145833,-10.451,-10.451
2020/2/7,-11.93145833,-10.393,-10.393
2020/2/8,-11.47791667,-9.921,-9.921
2020/2/9,-11.18825,-9.846,-9.846
2020/2/10,-10.77635417,-10.699,-10.699
2020/2/11,-10.5179375,-10.818,-10.818
2020/2/12,-9.470208333,-10.51,-10.51
2020/2/13,-7.988770833,-9.45,-9.45
2020/2/14,-9.545666667,-8.63,-8.63
2020/2/15,-10.35816667,-8.789,-8.789
2020/2/16,-10.025875,-8.104,-8.104
2020/2/17,-9.663083333,-7.653,-7.653
2020/2/18,-9.1425,-8.417,-8.417
2020/2/19,-9.173083333,-8.869,-8.869
2020/2/20,-8.419916667,-8.698,-8.698
2020/2/21,-8.154875,-8.842,-8.842
2020/2/22,-7.5280625,-9.08,-9.08
2020/2/23,-7.016270833,-8.07,-8.07
2020/2/24,-6.466833333,-7.495,-7.495
2020/2/25,-6.100916667,-8.132,-8.132
2020/2/26,-5.142416667,-7.66,-7.66
2020/2/27,-4.204166667,-6.836,-6.836
2020/2/28,-5.803041667,-6.945,-6.945
2020/2/29,-4.914541667,-5.989,-5.989
2020/3/1,-4.040958333,-5.765,-5.765
2020/3/2,-4.509166667,-5.433,-5.433
2020/3/3,-5.147708333,-4.773,-4.773
2020/3/4,-5.012541667,-4.827,-4.827
2020/3/5,-4.702520833,-4.184,-4.184
2020/3/6,-4.48025,-4.169,-4.169
2020/3/7,-3.922333333,-4.257,-4.257
2020/3/8,-2.986625,-4.771,-4.771
2020/3/9,-4.295479167,-4.775,-4.775
2020/3/10,-5.767208333,-4.75,-4.75
2020/3/11,-6.232354167,-4.427,-4.427
2020/3/12,-6.543895833,-3.558,-3.558
2020/3/13,-7.705354167,-3.357,-3.357
2020/3/14,-6.949791667,-2.534,-2.534
2020/3/15,-4.873125,-2.298,-2.298
2020/3/16,-3.89575,-2.158,-2.158
2020/3/17,-3.790604167,-2.199,-2.199
2020/3/18,-2.905395833,-2.304,-2.304
2020/3/19,-2.2064375,-3.238,-3.238
2020/3/20,-1.9721875,-2.207,-2.207
2020/3/21,-2.2395,-2.616,-2.616
2020/3/22,-1.036354167,-2.436,-2.436
2020/3/23,-0.997958333,-1.758,-1.758
2020/3/24,-0.602166667,-1.935,-1.935
2020/3/25,-0.369729167,-1.632,-1.632
2020/3/26,-0.326041667,-1.267,-1.267
2020/3/27,-0.291770833,-1.399,-1.399
2020/3/28,-0.232104167,-1.004,-1.004
2020/3/29,-0.2476875,-0.886,-0.886
2020/3/30,-0.113895833,-0.734,-0.734
2020/3/31,-0.2350625,-0.383,-0.383
2020/4/1,-1.057583333,-0.183,-0.183
2020/4/2,-1.011145833,0.097,0.097
2020/4/3,-0.450229167,-0.324,-0.324
2020/4/4,-0.200520833,-0.064,-0.064
2020/4/5,-0.062458333,-0.318,-0.318
2020/4/6,0.074770833,-0.156,-0.156
2020/4/7,0.084333333,0.024,0.024
2020/4/8,0.0743125,0.154,0.154
2020/4/9,0.011270833,0.033,0.033
2020/4/10,0.081729167,0.509,0.509
2020/4/11,0.281291667,0.544,0.544
2020/4/12,0.381270833,0.67,0.67
2020/4/13,0.519875,0.529,0.529
2020/4/14,1.483520833,0.728,0.728
2020/4/15,2.277083333,1.178,1.178
2020/4/16,2.9864375,1.171,1.171
2020/4/17,2.614166667,1.459,1.459
2020/4/18,2.087520833,1.734,1.734
2020/4/19,2.616708333,1.331,1.331
2020/4/20,2.540708333,1.415,1.415
2020/4/21,1.560333333,1.426,1.426
2020/4/22,0.909083333,1.144,1.144
2020/4/23,0.48425,1.969,1.969
2020/4/24,0.2163125,2.034,2.034
2020/4/25,0.490458333,2.703,2.703
2020/4/26,1.747,2.494,2.494
2020/4/27,3.446083333,3.107,3.107
2020/4/28,3.273541667,2.884,2.884
2020/4/29,3.272208333,2.84,2.84
2020/4/30,4.788354167,3.954,3.954
2020/5/1,6.1811875,4.634,4.634
2020/5/2,6.351458333,5.05,5.05
2020/5/3,6.6146875,4.59,4.59
2020/5/4,6.86975,5.177,5.177
2020/5/5,7.584645833,5.053,5.053
2020/5/6,5.764375,5.419,5.419
2020/5/7,3.985479167,3.627,3.627
2020/5/8,2.698270833,1.877,1.877
2020/5/9,2.246416667,0.772,0.772
2020/5/10,2.308666667,1.37,1.37
2020/5/11,2.396104167,1.337,1.337
2020/5/12,3.876520833,1.89,1.89
2020/5/13,4.010958333,3.136,3.136
2020/5/14,3.50875,2.989,2.989
2020/5/15,4.059229167,2.569,2.569
2020/5/16,5.5621875,3.293,3.293
2020/5/17,7.316145833,4.833,4.833
2020/5/18,7.834270833,6.367,6.367
2020/5/19,7.175145833,6.778,6.778
2020/5/20,6.866354167,6.001,6.001
2020/5/21,7.65375,5.992,5.992
2020/5/22,8.026375,6.575,6.575
2020/5/23,6.852875,6.846,6.846
2020/5/24,6.413770833,5.608,5.608
2020/5/25,6.329020833,5.484,5.484
2020/5/26,4.6761875,5.19,5.19
2020/5/27,4.5098125,3.731,3.731
2020/5/28,4.822395833,3.673,3.673
2020/5/29,4.900208333,4.188,4.188
2020/5/30,5.798625,4.377,4.377
2020/5/31,6.035666667,5.435,5.435
2020/6/1,7.011375,5.563,5.563
2020/6/2,7.373375,6.614,6.614
2020/6/3,7.179645833,6.678,6.678
2020/6/4,8.817916667,6.793,6.793
2020/6/5,9.3923125,8.466,8.466
2020/6/6,9.081541667,8.77,8.77
2020/6/7,7.848145833,8.64,8.64
2020/6/8,7.221458333,7.141,7.141
2020/6/9,7.257833333,6.973,6.973
2020/6/10,7.203854167,6.85,6.85
2020/6/11,7.204625,6.759,6.759
2020/6/12,7.7355625,6.812,6.812
2020/6/13,7.9709375,7.265,7.265
2020/6/14,7.8295,7.593,7.593
2020/6/15,7.8098125,7.325,7.325
2020/6/16,7.596583333,7.43,7.43
2020/6/17,7.957125,7.16,7.16
2020/6/18,9.148104167,7.793,7.793
2020/6/19,9.848,8.88,8.88
2020/6/20,10.20485417,9.57,9.57
2020/6/21,8.196520833,9.75,9.75
2020/6/22,7.922479167,7.694,7.694
2020/6/23,8.650520833,7.724,7.724
2020/6/24,8.655666667,8.301,8.301
2020/6/25,9.043479167,8.285,8.285
2020/6/26,9.491520833,8.55,8.55
2020/6/27,9.806875,9.17,9.17
2020/6/28,10.00229167,9.27,9.27
2020/6/29,11.45535417,9.87,9.87
2020/6/30,10.575625,11.08,11.08
2020/7/1,9.668291667,10.06,10.06
2020/7/2,10.09633333,9.58,9.58
2020/7/3,9.694291667,9.7,9.7
2020/7/4,9.985791667,9.35,9.35
2020/7/5,11.62729167,9.9,9.9
2020/7/6,11.0575,11.51,11.51
2020/7/7,11.59145833,10.84,10.84
2020/7/8,12.00166667,11.55,11.55
2020/7/9,11.36270833,11.77,11.77
2020/7/10,10.85320833,11.21,11.21
2020/7/11,10.63375,11,11
2020/7/12,10.48252083,10.33,10.33
2020/7/13,10.41791667,10.4,10.4
2020/7/14,11.02291667,10.16,10.16
2020/7/15,11.678125,11.04,11.04
2020/7/16,10.746875,11.46,11.46
2020/7/17,9.860458333,10.52,10.52
2020/7/18,10.73129167,9.77,9.77
2020/7/19,11.580875,10.73,10.73
2020/7/20,11.45354167,11.33,11.33
2020/7/21,9.764520833,11.26,11.26
2020/7/22,9.114354167,9.74,9.74
2020/7/23,9.2986875,9.13,9.13
2020/7/24,10.10354167,9.58,9.58
2020/7/25,10.38495833,10.2,10.2
2020/7/26,10.846,10.53,10.53
2020/7/27,12.25520833,10.77,10.77
2020/7/28,12.074375,14.3,14.3
2020/7/29,10.36875,11.63,11.63
2020/7/30,10.0265,9.81,9.81
2020/7/31,11.30791667,10,10
2020/8/1,11.22627083,12.41,12.41
2020/8/2,11.58270833,13.8,13.8
2020/8/3,11.84583333,11.23,11.23
2020/8/4,11.83583333,11.47,11.47
2020/8/5,11.23083333,11.56,11.56
2020/8/6,12.00145833,11.07,11.07
2020/8/7,11.515,11.76,11.76
2020/8/8,11.35645833,11.17,11.17
2020/8/9,11.66960417,11.17,11.17
2020/8/10,12.13604167,11.32,11.32
2020/8/11,10.48916667,11.6,11.6
2020/8/12,9.081,10.02,10.02
2020/8/13,10.36654167,9.31,9.31
2020/8/14,11.27291667,10.12,10.12
2020/8/15,11.10854167,10.85,10.85
2020/8/16,8.85625,10.67,10.67
2020/8/17,7.832583333,8.7,8.7
2020/8/18,8.569145833,8.035,8.035
2020/8/19,9.120916667,8.52,8.52
2020/8/20,9.537791667,9.07,9.07
2020/8/21,10.96541667,9.66,9.66
2020/8/22,10.01229167,11.01,11.01
2020/8/23,8.3726875,10,10
2020/8/24,8.764520833,8.82,8.82
2020/8/25,9.2485625,8.88,8.88
2020/8/26,10.5923125,9.25,9.25
2020/8/27,11.890625,10.29,10.29
2020/8/28,11.1575,11.43,11.43
2020/8/29,7.939729167,10.63,10.63
2020/8/30,7.528458333,7.944,7.944
2020/8/31,8.771125,7.919,7.919
2020/9/1,9.436354167,8.76,8.76
2020/9/2,9.0221875,9.21,9.21
2020/9/3,9.800145833,8.74,8.74
2020/9/4,9.702083333,9.53,9.53
2020/9/5,10.42166667,9.46,9.46
2020/9/6,10.63960417,9.98,9.98
2020/9/7,10.40591667,10.2,10.2
2020/9/8,10.09208333,9.95,9.95
2020/9/9,9.659708333,9.76,9.76
2020/9/10,9.1643125,9.65,9.65
2020/9/11,8.822104167,9.09,9.09
2020/9/12,8.744895833,8.82,8.82
2020/9/13,9.033083333,8.87,8.87
2020/9/14,7.890833333,8.95,8.95
2020/9/15,7.027708333,7.997,7.997
2020/9/16,6.252125,7.295,7.295
2020/9/17,5.722145833,6.591,6.591
2020/9/18,6.631125,6.162,6.162
2020/9/19,7.2983125,6.905,6.905
2020/9/20,8.498854167,7.331,7.331
2020/9/21,7.509,8.273,8.273
2020/9/22,6.243645833,7.4,7.4
2020/9/23,6.2310625,6.467,6.467
2020/9/24,6.717916667,6.322,6.322
2020/9/25,7.4123125,6.792,6.792
2020/9/26,6.864625,7.221,7.221
2020/9/27,7.2644375,6.873,6.873
2020/9/28,6.947229167,7.22,7.22
2020/9/29,6.240020833,6.847,6.847
2020/9/30,6.962291667,6.195,6.195
2020/10/1,6.642958333,6.824,6.824
2020/10/2,5.863375,6.564,6.564
2020/10/3,4.886520833,5.867,5.867
2020/10/4,4.4933125,5.064,5.064
2020/10/5,4.5775,4.699,4.699
2020/10/6,4.487166667,4.753,4.753
2020/10/7,4.23775,4.534,4.534
2020/10/8,4.274625,4.427,4.427
2020/10/9,4.127145833,4.476,4.476
2020/10/10,4.092625,4.279,4.279
2020/10/11,3.853979167,4.218,4.218
2020/10/12,3.4125,3.943,3.943
2020/10/13,2.970041667,3.482,3.482
2020/10/14,2.8451875,3.13,3.13
2020/10/15,2.064958333,2.965,2.965
2020/10/16,1.5023125,2.38,2.38
2020/10/17,1.1549375,1.781,1.781
2020/10/18,0.866875,2.205,2.205
2020/10/19,0.735979167,2.213,2.213
2020/10/20,0.572083333,2.04,2.04
2020/10/21,0.461875,2.097,2.097
2020/10/22,0.433229167,1.881,1.881
2020/10/23,0.4285625,1.464,1.464
2020/10/24,0.5034375,0.954,0.954
2020/10/25,0.709291667,0.743,0.743
2020/10/26,1.147625,0.35,0.35
2020/10/27,1.029895833,0.263,0.263
2020/10/28,0.740020833,0.154,0.154
2020/10/29,0.506,0.107,0.107
2020/10/30,0.378541667,0.076,0.076
2020/10/31,0.357645833,0.127,0.127
2020/11/1,0.421583333,0.059,0.059
2020/11/2,-0.289583333,0.037,0.037
2020/11/3,-0.629395833,0.115,0.115
2020/11/4,-1.053958333,0.119,0.119
2020/11/5,-1.7334375,-0.083,-0.083
2020/11/6,-2.307416667,-0.159,-0.159
2020/11/7,-2.592916667,-0.503,-0.503
2020/11/8,-2.784458333,-0.783,-0.783
2020/11/9,-3.217041667,-0.713,-0.713
2020/11/10,-2.985208333,-0.945,-0.945
2020/11/11,-2.363708333,-1.161,-1.161
2020/11/12,-2.263729167,-1.625,-1.625
2020/11/13,-2.424104167,-2.316,-2.316
2020/11/14,-2.031041667,-2.41,-2.41
2020/11/15,-2.235166667,-2.336,-2.336
2020/11/16,-1.8348125,-2.087,-2.087
2020/11/17,-1.24575,-2.074,-2.074
2020/11/18,-1.975166667,-2.864,-2.864
2020/11/19,-3.704,-3.356,-3.356
2020/11/20,-4.2334375,-3.445,-3.445
2020/11/21,-4.3769375,-4.107,-4.107
2020/11/22,-6.399875,-4.297,-4.297
2020/11/23,-6.8963125,-4.207,-4.207
2020/11/24,-7.169770833,-4.697,-4.697
2020/11/25,-6.406145833,-4.956,-4.956
2020/11/26,-6.489145833,-4.745,-4.745
2020/11/27,-7.1179375,-4.659,-4.659
2020/11/28,-7.096395833,-4.524,-4.524
2020/11/29,-7.4359375,-4.495,-4.495
2020/11/30,-7.216729167,-4.878,-4.878
2020/12/1,-7.486604167,-5.464,-5.464
2020/12/2,-9.352083333,-5.867,-5.867
2020/12/3,-10.06104167,-6.456,-6.456
2020/12/4,-10.62229167,-7.335,-7.335
2020/12/5,-10.66791667,-7.239,-7.239
2020/12/6,-10.22677083,-7.655,-7.655
2020/12/7,-10.20104167,-7.626,-7.626
2020/12/8,-10.03520833,-7.741,-7.741
2020/12/9,-9.393479167,-7.854,-7.854
2020/12/10,-9.202520833,-7.659,-7.659
2020/12/11,-9.76458333,-7.767,-7.767
2020/12/12,-9.591333333,-8.027,-8.027
2020/12/13,-9.97625,-8.126,-8.126
2020/12/14,-11.2475,-8.098,-8.098
2020/12/15,-11.39895833,-7.85,-7.85
2020/12/16,-11.47145833,-8.684,-8.684
2020/12/17,-11.30833333,-8.818,-8.818
2020/12/18,-11.45645833,-8.912,-8.912
2020/12/19,-12.74375,-9.368,-9.368
2020/12/20,-13.201875,-9.304,-9.304
2020/12/21,-13.53895833,-9.562,-9.562
2020/12/22,-12.84020833,-9.618,-9.618
2020/12/23,-12.69875,-9.725,-9.725
2020/12/24,-12.78708333,-9.801,-9.801
2020/12/25,-12.53354167,-9.848,-9.848
2020/12/26,-12.455,-10.304,-10.304
2020/12/27,-12.011875,-10.618,-10.618
2020/12/28,-12.25416667,-10.893,-10.893
2020/12/29,-13.53416667,-10.193,-10.193
2020/12/30,-13.3125,-10.942,-10.942
2020/12/31,-13.3125,-10.942,-10.942
2021/1/1,-13.94395833,-10.57753,-10.57753
2021/1/2,-14.03666667,-10.09894,-10.09894
2021/1/3,-14.11166667,-10.24558,-10.24558
2021/1/4,-13.55479167,-10.3919,-10.3919
2021/1/5,-13.89520833,-10.17618,-10.17618
2021/1/6,-14.15416667,-10.23355,-10.23355
2021/1/7,-14.10854167,-10.24886,-10.24886
2021/1/8,-14.11145833,-11.43458,-11.43458
2021/1/9,-13.62208333,-11.63284,-11.63284
2021/1/10,-12.25729167,-12.20484,-12.20484
2021/1/11,-14.41229167,-12.19854,-12.19854
2021/1/12,-14.35895833,-12.2433,-12.2433
2021/1/13,-13.86270833,-12.02123,-12.02123
2021/1/14,-12.680625,-11.36286,-11.36286
2021/1/15,-12.03833333,-10.66034,-10.66034
2021/1/16,-11.95958333,-11.33479,-11.33479
2021/1/17,-13.7475,-10.66701,-10.66701
2021/1/18,-12.51625,-9.682,-9.682
2021/1/19,-12.27854167,-10.36593,-10.36593
2021/1/20,-12.34083333,-10.31597,-10.31597
2021/1/21,-11.98854167,-10.61493,-10.61493
2021/1/22,-11.89458333,-10.8876,-10.8876
2021/1/23,-11.93875,-10.5088,-10.5088
2021/1/24,-11.856875,-9.90293,-9.90293
2021/1/25,-13.588125,-9.89405,-9.89405
2021/1/26,-13.87916667,-9.76369,-9.76369
2021/1/27,-13.60895833,-9.46085,-9.46085
2021/1/28,-13.60854167,-10.00646,-10.00646
2021/1/29,-13.335,-10.52251,-10.52251
2021/1/30,-13.52958333,-11.01471,-11.01471
2021/1/31,-13.58479167,-11.98096,-11.98096
2021/2/1,-13.22583333,-11.97078,-11.97078
2021/2/2,-12.6675,-10.88575,-10.88575
2021/2/3,-11.73916667,-11.39408,-11.39408
2021/2/4,-10.77375,-11.923,-11.923
2021/2/5,-11.53458333,-11.0956,-11.0956
2021/2/6,-11.15366667,-10.41245,-10.41245
2021/2/7,-11.21354167,-10.34103,-10.34103
2021/2/8,-10.23252083,-9.88282,-9.88282
2021/2/9,-9.3830625,-9.78569,-9.78569
2021/2/10,-8.279729167,-10.61653,-10.61653
2021/2/11,-7.528875,-10.78034,-10.78034
2021/2/12,-7.382145833,-10.41532,-10.41532
2021/2/13,-8.1461875,-9.50653,-9.50653
2021/2/14,-8.5780625,-8.62896,-8.62896
2021/2/15,-9.08575,-8.78387,-8.78387
2021/2/16,-9.265604167,-8.14073,-8.14073
2021/2/17,-9.118,-7.56027,-7.56027
2021/2/18,-8.700104167,-8.46755,-8.46755
2021/2/19,-8.064104167,-8.77827,-8.77827
2021/2/20,-7.795208333,-8.60589,-8.60589
2021/2/21,-6.674229167,-8.89773,-8.89773
2021/2/22,-5.7561875,-9.00388,-9.00388
2021/2/23,-5.361520833,-8.04103,-8.04103
2021/2/24,-5.020875,-7.48132,-7.48132
2021/2/25,-4.354791667,-8.11624,-8.11624
2021/2/26,-4.066541667,-7.73049,-7.73049
2021/2/27,-3.745416667,-6.83415,-6.83415
2021/2/28,-4.796291667,-6.84531,-6.84531
2021/3/1,-5.893854167,-5.94677,-5.94677
2021/3/2,-6.744354167,-5.78907,-5.78907
2021/3/3,-6.953395833,-5.46549,-5.46549
2021/3/4,-6.2914375,-4.70866,-4.70866
2021/3/5,-5.718541667,-4.90525,-4.90525
2021/3/6,-4.5321875,-4.1219,-4.1219
2021/3/7,-5.271354167,-4.17892,-4.17892
2021/3/8,-4.614458333,-4.32423,-4.32423
2021/3/9,-3.638,-4.72321,-4.72321
2021/3/10,-3.130895833,-4.72545,-4.72545
2021/3/11,-3.442541667,-4.84784,-4.84784
2021/3/12,-2.477020833,-4.3937,-4.3937
2021/3/13,-1.705958333,-3.64114,-3.64114
2021/3/14,-1.534979167,-3.45204,-3.45204
2021/3/15,-1.315979167,-2.55964,-2.55964
2021/3/16,-0.7225625,-2.34472,-2.34472
2021/3/17,-0.410854167,-2.10938,-2.10938
2021/3/18,-0.216270833,-2.20002,-2.20002
2021/3/19,-0.170416667,-2.31015,-2.31015
2021/3/20,-1.296125,-3.19016,-3.19016
2021/3/21,-3.058625,-2.29156,-2.29156
2021/3/22,-2.625145833,-2.56659,-2.56659
2021/3/23,-1.708604167,-2.34013,-2.34013
2021/3/24,-1.044041667,-1.7489,-1.7489
2021/3/25,-0.426895833,-1.96673,-1.96673
2021/3/26,-0.278333333,-1.65954,-1.65954
2021/3/27,-0.2205625,-1.19715,-1.19715
2021/3/28,-0.200458333,-1.47093,-1.47093
2021/3/29,-0.230270833,-0.96209,-0.96209
2021/3/30,0.064854167,-0.8204,-0.8204
2021/3/31,0.042791667,-0.76571,-0.76571
2021/4/1,-0.043020833,-0.45105,-0.45105
2021/4/2,-0.1138125,-0.23735,-0.23735
2021/4/3,-0.102375,0.16934,0.16934
2021/4/4,-0.0360625,-0.31649,-0.31649
2021/4/5,0.116895833,-0.05829,-0.05829
2021/4/6,0.130791667,-0.4145,-0.4145
2021/4/7,0.447583333,-0.06605,-0.06605
2021/4/8,0.803375,-0.04337,-0.04337
2021/4/9,1.198270833,0.244,0.244
2021/4/10,0.45425,0.293,0.293
2021/4/11,0.648708333,0.163,0.163
2021/4/12,0.586020833,0.146,0.146
2021/4/13,0.842520833,0.127,0.127
2021/4/14,0.3994375,0.168,0.168
2021/4/15,0.488916667,0.121,0.121
2021/4/16,0.9945625,0.074,0.074
2021/4/17,1.721041667,0.101,0.101
2021/4/18,1.77525,0.28,0.28
2021/4/19,1.561520833,0.33,0.33
2021/4/20,1.781291667,0.31,0.31
2021/4/21,2.846395833,0.398,0.398
2021/4/22,3.982875,0.537,0.537
2021/4/23,3.824291667,1.02,1.02
2021/4/24,2.421625,0.94,0.94
2021/4/25,1.2318125,0.416,0.416
2021/4/26,0.9358125,0.25,0.25
2021/4/27,0.545354167,0.241,0.241
2021/4/28,0.315645833,0.225,0.225
2021/4/29,1.2266875,0.187,0.187
2021/4/30,3.021666667,0.465,0.465
2021/5/1,3.9271875,1.29,1.29
2021/5/2,5.503104167,1.353,1.353
2021/5/3,5.1845,2.331,2.331
2021/5/4,3.8198125,2.003,2.003
2021/5/5,3.531916667,1.311,1.311
2021/5/6,4.169083333,1.387,1.387
2021/5/7,5.4036875,1.879,1.879
2021/5/8,6.7393125,2.699,2.699
2021/5/9,7.361395833,3.634,3.634
2021/5/10,5.859395833,4.03,4.03
2021/5/11,5.38175,2.941,2.941
2021/5/12,6.9224375,3.033,3.033
2021/5/13,8.095125,4.365,4.365
2021/5/14,5.9196875,5.326,5.326
2021/5/15,4.113645833,3.28,3.28
2021/5/16,3.609708333,2.205,2.205
2021/5/17,3.940208333,2.033,2.033
2021/5/18,3.632583333,2.436,2.436
2021/5/19,3.867979167,1.906,1.906
2021/5/20,4.9969375,2.302,2.302
2021/5/21,5.550729167,3.375,3.375
2021/5/22,4.716041667,3.777,3.777
2021/5/23,3.851208333,3.233,3.233
2021/5/24,4.92875,2.728,2.728
2021/5/25,6.221208333,3.454,3.454
2021/5/26,6.955083333,4.509,4.509
2021/5/27,8.4463125,5.277,5.277
2021/5/28,8.354083333,6.582,6.582
2021/5/29,7.086,6.623,6.623
2021/5/30,7.748770833,5.801,5.801
2021/5/31,9.102145833,6.294,6.294
2021/6/1,9.048125,7.381,7.381
2021/6/2,9.431666667,7.382,7.382
2021/6/3,8.871479167,7.762,7.762
2021/6/4,9.365895833,7.374,7.374
2021/6/5,10.127625,7.787,7.787
2021/6/6,10.60770833,8.53,8.53
2021/6/7,8.5648125,8.91,8.91
2021/6/8,8.171791667,7.418,7.418
2021/6/9,7.914604167,7.047,7.047
2021/6/10,7.876020833,6.833,6.833
2021/6/11,7.1949375,6.645,6.645
2021/6/12,7.366333333,6.239,6.239
2021/6/13,6.507125,6.349,6.349
2021/6/14,7.260958333,5.699,5.699
2021/6/15,7.683354167,6.374,6.374
2021/6/16,7.04375,6.661,6.661
2021/6/17,8.339145833,6.29,6.29
2021/6/18,7.581208333,7.422,7.422
2021/6/19,6.692333333,6.794,6.794
2021/6/20,6.888166667,9.03795,9.03795
2021/6/21,8.644666667,10.31073,10.31073
2021/6/22,9.6984375,10.42823,10.42823
2021/6/23,9.741666667,8.68528,8.68528
2021/6/24,8.764583333,8.57559,8.57559
2021/6/25,8.302791667,8.67051,8.67051
2021/6/26,9.633875,9.19179,9.19179
2021/6/27,9.912854167,10.0414,10.0414
2021/6/28,10.57791667,10.61554,10.61554
2021/6/29,10.31072917,10.683,10.683
2021/6/30,10.18510417,10.79975,10.79975
2021/7/1,8.795083333,10.88944,10.88944
2021/7/2,8.7768125,10.42405,10.42405
2021/7/3,10.39166667,9.92436,9.92436
2021/7/4,10.922,10.17124,10.17124
2021/7/5,12.18166667,9.67757,9.67757
2021/7/6,11.77833333,10.22678,10.22678
2021/7/7,11.54891667,11.1754,11.1754
2021/7/8,13.39520833,10.72968,10.72968
2021/7/9,13.416875,10.84115,10.84115
2021/7/10,11.42416667,11.10881,11.10881
2021/7/11,10.421875,11.08645,11.08645
2021/7/12,11.04914583,10.65411,10.65411
2021/7/13,11.584375,10.41824,10.41824
2021/7/14,11.60875,10.22242,10.22242
2021/7/15,11.71125,10.56457,10.56457
2021/7/16,13.2225,11.19706,11.19706
2021/7/17,13.88145833,10.97366,10.97366
2021/7/18,14.314375,10.61493,10.61493
2021/7/19,14.71833333,10.12139,10.12139
2021/7/20,13.18958333,10.93716,10.93716
2021/7/21,14.2875,10.96347,10.96347
2021/7/22,14.52208333,10.49619,10.49619
2021/7/23,15.17541667,9.77592,9.77592
2021/7/24,14.60145833,9.73958,9.73958
2021/7/25,13.051875,10.34074,10.34074
2021/7/26,11.91958333,10.74498,10.74498
2021/7/27,11.40958333,10.93205,10.93205
2021/7/28,11.01710417,12.20548,12.20548
2021/7/29,12.33041667,13.21537,13.21537
2021/7/30,12.92166667,11.5537,11.5537
2021/7/31,12.93625,10.70399,10.70399
2021/8/1,13.71708333,11.30499,11.30499
2021/8/2,12.24241379,12.52248,12.52248
2021/8/3,11.75,12.45344,12.45344
2021/8/4,11.56,11.05534,11.05534
2021/8/5,12.24,11.38854,11.38854
2021/8/6,11.7,11.5555,11.5555
2021/8/7,12.46,11.20871,11.20871
2021/8/8,10.58,10.49,10.49
2021/8/9,10.68,10.41,10.41
2021/8/10,11,10.55,10.55
2021/8/11,11.08,10.71,10.71
2021/8/12,10.85,10.41,10.41
2021/8/13,12.09,11.27,11.27
2021/8/14,12.16,11.48,11.48
2021/8/15,11.86,11.31,11.31
2021/8/16,12.17,11.63,11.63
2021/8/17,12.68,12.14,12.14
2021/8/18,12.14,11.75,11.75
2021/8/19,11.85,11.44,11.44
2021/8/20,12.46,11.83,11.83
2021/8/21,12.59,11.91,11.91
2021/8/22,13.09,12.44,12.44
2021/8/23,12.34,11.87,11.87
2021/8/24,10.95,10.61,10.61
2021/8/25,10.06,9.64,9.64
2021/8/26,9.15,8.86,8.86
2021/8/27,8.72,8.5,8.5
2021/8/28,9.19,8.87,8.87
2021/8/29,8.34,8.219,8.219
2021/8/30,8.54,8.33,8.33
2021/8/31,8.88,8.6,8.6
2021/9/1,9.81,9.28,9.28
2021/9/2,10.71,9.99,9.99
2021/9/3,10.16,9.74,9.74
2021/9/4,9.44,9.1,9.1
2021/9/5,9.79,9.24,9.24
2021/9/6,9.19,8.81,8.81
2021/9/7,8.58,8.266,8.266
2021/9/8,9.35,8.87,8.87
2021/9/9,9.13,8.69,8.69
2021/9/10,8.87,8.43,8.43
2021/9/11,9.6,8.95,8.95
2021/9/12,10.68,9.85,9.85
2021/9/13,10.54,9.93,9.93
2021/9/14,7.953,8.099,8.099
2021/9/15,7.903,7.866,7.866
2021/9/16,7.547,7.342,7.342
2021/9/17,8.54,7.982,7.982
2021/9/18,8.21,7.822,7.822
2021/9/19,7.241,7.088,7.088
2021/9/20,6.191,6.258,6.258
2021/9/21,5.918,5.899,5.899
2021/9/22,6.329,6.258,6.258
2021/9/23,6.713,6.716,6.716
2021/9/24,6.781,6.818,6.818
2021/9/25,7.198,7.078,7.078
2021/9/26,7.418,7.359,7.359
2021/9/27,7.091,7.073,7.073
2021/9/28,6.321,6.49,6.49
2021/9/29,6.02,6.168,6.168
2021/9/30,6.116,6.133,6.133
2021/10/1,5.962,5.941,5.941
2021/10/2,6.201,6.074,6.074
2021/10/3,6.017,6.026,6.026
2021/10/4,6.122,6.155,6.155
2021/10/5,3.926,6.26757,6.26757
2021/10/6,3.819,5.66925,5.66925
2021/10/7,3.71,5.69533,5.69533
2021/10/8,3.203,5.40463,5.40463
2021/10/9,2.505,4.32849,4.32849
2021/10/10,2.218,4.10243,4.10243
2021/10/11,2.016,3.99422,3.99422
2021/10/12,2.29,3.31589,3.31589
2021/10/13,1.703,2.88047,2.88047
2021/10/14,1.184,2.7729,2.7729
2021/10/15,1.302,2.76759,2.76759
2021/10/16,1.618,2.90812,2.90812
2021/10/17,1.738,2.83657,2.83657
2021/10/18,1.591,2.33533,2.33533
2021/10/19,1.606,2.41097,2.41097
2021/10/20,1.183,2.17497,2.17497
2021/10/21,1.06,2.43403,2.43403
2021/10/22,0.451,2.22496,2.22496
2021/10/23,0.101,1.8876,1.8876
2021/10/24,-0.031,1.30683,1.30683
2021/10/25,-0.211,1.0595,1.0595
2021/10/26,-0.582,0.53771,0.53771
2021/10/27,-0.736,0.40076,0.40076
2021/10/28,-0.776,0.22636,0.22636
2021/10/29,-0.92,0.25779,0.25779
2021/10/30,-0.987,0.27373,0.27373
2021/10/31,-1.123,0.40361,0.40361
2021/11/1,-0.956,0.19787,0.19787
2021/11/2,-0.634,-0.06602,-0.06602
2021/11/3,-0.429,-0.05275,-0.05275
2021/11/4,-0.445,0.02523,0.02523
2021/11/5,-1.084,0.02012,0.02012
2021/11/6,-1.633,0.14081,0.14081
2021/11/7,-2.342,-0.07607,-0.07607
2021/11/8,-3.131,-0.35262,-0.35262
2021/11/9,-3.186,-0.1968,-0.1968
2021/11/10,-2.239,-1.0723,-1.0723
2021/11/11,-3.863,-0.76044,-0.76044
2021/11/12,-4.587,-1.32567,-1.32567
2021/11/13,-4.913,-2.16658,-2.16658
2021/11/14,-4.785,-2.40834,-2.40834
2021/11/15,-5.402,-2.05205,-2.05205
2021/11/16,-5.852,-1.56132,-1.56132
2021/11/17,-6.007,-1.61386,-1.61386
2021/11/18,-6.639,-2.56169,-2.56169
2021/11/19,-7.216,-3.05317,-3.05317
2021/11/20,-7.413,-3.24081,-3.24081
2021/11/21,-8.944,-3.57514,-3.57514
2021/11/22,-9.586,-3.56415,-3.56415
2021/11/23,-9.245,-3.65406,-3.65406
2021/11/24,-8.779,-4.57253,-4.57253
2021/11/25,-9.208,-4.82976,-4.82976
2021/11/26,-8.879,-4.50151,-4.50151
2021/11/27,-9.197,-4.23379,-4.23379
2021/11/28,-8.17,-4.23901,-4.23901
2021/11/29,-7.567,-4.37298,-4.37298
2021/11/30,-7.689,-4.99231,-4.99231
2021/12/1,-8.247,-5.41399,-5.41399
2021/12/2,-8.041,-6.09033,-6.09033
2021/12/3,-8.897,-6.44049,-6.44049
2021/12/4,-10.744,-6.86278,-6.86278
2021/12/5,-10.591,-6.81536,-6.81536
2021/12/6,-11.967,-6.88994,-6.88994
2021/12/7,-11.827,-6.84813,-6.84813
2021/12/8,-12.147,-6.8263,-6.8263
2021/12/9,-12.821,-6.78876,-6.78876
2021/12/10,-12.656,-6.60755,-6.60755
2021/12/11,-12.791,-6.58989,-6.58989
2021/12/12,-12.531,-7.06414,-7.06414
2021/12/13,-12.293,-7.27484,-7.27484
